2.566584,4.6926355,11.18571,-0.17933258,-0.18411478,-0.38892916
0.49799395,4.0797195,5.66947,0.005707227,-0.33105406,-0.5959252
-1.9919758,3.6583402,6.7803793,0.14091788,-0.21622884,-0.40629518
-0.076614454,1.6280571,11.990162,0.2041337,-0.03010693,-0.10369001
0.22984336,-0.095768064,10.457873,0.16325809,0.118909284,0.12814207
1.4939818,1.283292,10.0748005,0.109449595,0.016004669,-0.026319565
1.8387469,3.5051112,12.717999,0.026371924,-0.09798279,-0.21369812
-1.532289,3.7349546,8.504205,-0.022375122,-0.07216936,-0.17420131
-2.7964275,0.7469909,8.695741,-0.030141836,-0.04436627,-0.116291285
-0.11492168,0.17238252,10.304645,-0.015219271,0.02974041,0.006387905
0.80445176,-2.0494366,4.405331,-0.021921335,0.106726885,0.12758356
0.9959879,1.8962077,7.201759,-0.069673546,0.12515756,0.1503601
-0.6512229,4.1946416,10.496181,-0.07642797,0.0689056,0.05333726
1.685518,0.82360536,10.0748005,-0.062849306,0.051033426,0.018465584
3.217807,6.4164605,10.457873,-0.03291691,0.04860742,-0.013020156
-1.0342951,5.497087,7.3549876,0.05438446,0.13161528,0.14151129
-0.5363012,2.585738,5.7843914,0.19554669,0.5000019,0.7452381
-0.038307227,3.2369606,6.933608,0.17533578,0.70432764,1.0449984
-1.0342951,3.083732,8.159439,0.061941735,0.52075386,0.7378379
1.2641385,5.0374002,5.5162406,-0.014678219,0.3996804,0.52928853
2.873042,1.7812861,14.020445,0.006457718,0.32161182,0.39936623
2.528277,2.3558946,18.962078,-0.14414674,0.07590437,-0.024661502
0.7661445,4.003105,9.461885,-0.1826487,0.020978857,-0.11098549
-1.8770541,4.003105,7.431602,-0.24849997,-0.013700835,-0.1947962
-1.9919758,6.646304,3.6774938,-0.15310028,0.004572763,-0.14678219
0.5363012,7.067683,4.6351743,0.14831808,0.19081685,0.2297726
2.0685902,0.7086837,13.062764,0.10817551,0.13060299,0.101298906
3.217807,2.3942018,15.284584,0.030962141,-0.0715585,-0.2208365
2.6431987,5.995081,9.653421,5.24E-05,-0.16540486,-0.3589793
0,7.9870567,10.496181,0.047577675,-0.39660862,-0.6803992
-0.8810662,5.3438582,5.93762,0.15669566,-0.30255282,-0.5109626
-1.3790601,5.803545,9.346964,0.1267109,-0.23561946,-0.42193335
1.685518,5.6120086,6.129156,0.087441,-0.22226767,-0.43488368
1.9153614,5.5737014,12.488156,0.099326685,-0.20303415,-0.40294418
2.7964275,4.0414124,11.18571,0.0310145,-0.5952969,-1.0115753
2.2984335,2.1643584,16.280571,-0.33990288,-1.1125602,-1.7978636
0.34476504,4.1946416,8.887277,-0.28642598,-0.84182465,-1.363713
1.0726024,7.9104424,9.346964,0.24984388,-0.36898005,-0.6471157
0.7661445,5.267244,11.109096,0.27183503,-0.2660929,-0.47270498
0.4213795,7.067683,8.542512,0.28591985,-0.26726228,-0.4721988
1.8387469,6.991069,7.3166804,0.15414748,-0.5410695,-0.8984955
1.1109096,0.82360536,10.113108,-0.036651913,-0.77389646,-1.2426046
0.076614454,-0.1340753,13.024457,-0.13601351,-0.61870176,-0.9824284
-0.45968673,3.964798,9.576807,-0.086062185,-0.38344884,-0.6276204
0.8810662,3.6966474,6.742072,-0.026529005,-0.077108644,-0.16489871
1.4173675,-0.6703765,8.389283,-0.2692694,0.3976558,0.60711277
0.9576807,2.3942018,8.159439,-0.36805505,0.23308872,0.37988836
0.5363012,2.27928,9.040505,-0.3463955,0.15957545,0.26104888
0.076614454,1.8579005,10.879252,-0.38954005,0.116291285,0.20067796
-0.49799395,3.3518825,8.963891,-0.46830675,0.14109242,0.24600416
0.5363012,3.5434184,3.9839516,-0.3765897,0.110514246,0.18345156
1.1109096,3.122039,6.742072,0.060510565,0.516408,0.7354468
-0.076614454,1.0151415,11.645397,0.056409042,0.44736278,0.61447805
0.6895301,1.8579005,13.828909,-0.063250735,0.3883532,0.51098007
-1.2641385,0.9768343,10.6877165,-0.21757275,0.31435126,0.38720128
0.7278373,0.40222588,8.810662,-0.43071234,0.3085393,0.38184312
0.4213795,-1.3599066,12.220005,-0.8004429,0.41551054,0.5208237
1.2258313,1.0151415,11.453861,-0.8814611,0.39976767,0.48235664
1.340753,2.96881,9.5385,-0.61463517,0.3133215,0.37466982
0.4213795,2.6623523,9.653421,-0.48174578,0.23895302,0.25867525
-0.34476504,0.21068975,10.6877165,-0.38748056,0.11307988,0.07033677
-0.19153613,0.90021986,12.794614,-0.3053628,0.03609341,-0.041224677
0.2681506,4.462792,8.810662,-0.20605357,0.07665486,0.020367993
0.30645782,3.0454245,7.3166804,-0.14514159,0.07244862,0.04363323
1.2258313,6.6846113,2.183512,0.075049154,0.062482785,0.05482079
0.7278373,1.5131354,5.592855,0.33482397,-0.012636184,-0.030787608
1.1492168,-0.5554548,11.9135475,0.22645646,-0.025115287,-0.053529248
1.2641385,-0.095768064,11.683704,-0.17128661,-0.08545132,-0.15725416
0.80445176,1.9728222,11.492168,-0.1548107,-0.09358455,-0.1743584
1.6472107,3.2369606,9.040505,-0.114458695,-0.15008086,-0.2665467
0.4213795,6.5696893,6.703765,-0.001343904,-0.16639969,-0.28621656
0.30645782,5.650316,6.742072,0.3105988,-0.18854792,-0.31426397
-0.80445176,-0.78529817,11.492168,0.47249553,-0.18558086,-0.3074572
0.2681506,1.6280571,12.29662,0.5486792,-0.1557881,-0.26096162
1.2258313,2.4708161,4.9799395,0.4976108,-0.104754664,-0.17715092
-0.038307227,1.283292,7.8146744,0.5083795,-0.008779006,-0.020909045
0.7661445,1.091756,11.760319,0.47516587,0.034051374,0.055134952
0.11492168,1.3215994,10.304645,0.39584067,0.013159783,0.029705504
0.30645782,2.777274,8.350976,0.29880038,0.001448623,0.01160644
0.2681506,2.27928,9.80665,0.1664346,-0.005881759,-0.001989676
0.19153613,4.8841715,7.3166804,-0.006911504,-0.023596851,-0.041067597
-0.7278373,6.033388,5.401319,-0.030333823,0.005410521,-0.029705504
-0.4213795,4.76925,11.224017,0.08600982,0.03741986,-0.005427974
-0.5746084,-0.24899697,12.871228,0.3301814,0.2355671,0.2855533
0.842759,2.585738,15.974113,0.30030134,0.34236377,0.45603707
0.6895301,4.232949,10.91756,0.311262,0.3802898,0.52227235
0.6895301,3.5434184,9.921572,0.20345303,0.3207915,0.43479642
1.6472107,5.305551,5.056554,0.14289011,0.20425588,0.27022934
0.2681506,6.033388,8.159439,0.10939724,0.15257668,0.19783308
0,4.0414124,5.439626,0.30387926,0.025446901,0.037454765
0.6512229,0.78529817,9.270349,0.31398472,0.02370157,0.019617502
1.532289,0.7086837,11.645397,0.19971803,-0.010559242,-0.042184606
0.61291564,-1.2066777,9.385271,0.06839945,-0.035290558,-0.07707374
0.61291564,0.90021986,7.240066,0.029827677,-0.08412487,-0.13562953
-0.91937345,7.565677,8.389283,0.07796386,-0.09934414,-0.14772467
-0.7661445,1.8195933,11.9135475,0.08864527,-0.06424557,-0.09686577
-0.34476504,0.24899697,11.722012,0.037821285,-0.019582594,-0.02125811
1.0342951,2.087744,8.159439,-0.2992716,-0.02883284,-0.035604715
0.34476504,3.122039,3.4476504,-0.277455,-0.012322024,0.005742133
1.1492168,11.434708,5.3247046,-0.040788345,-0.10131636,-0.09128072
-0.9959879,0.40222588,9.385271,0.5433908,-0.11170107,-0.054000486
0.038307227,-1.0534488,14.518439,0.31716123,-0.085172065,-0.026546458
2.2984335,-0.47884035,13.330915,-0.088453285,-0.08719665,-0.047944196
1.6472107,4.003105,5.554548,-0.32798228,-0.06925467,-0.013840461
1.5705963,6.5696893,6.895301,-0.28139943,-0.07822566,-0.030124383
-0.45968673,3.1603463,10.496181,-0.2665467,-0.07876671,-0.029269172
-0.6895301,0.24899697,15.629349,-0.32578316,-0.07220427,-0.005113815
-0.6512229,2.5474305,9.730036,-0.25487044,-0.02825688,0.044139378
0.5746084,5.0374002,4.1371803,-0.002373648,0.013508848,0.08677777
-0.49799395,3.7732618,4.7500963,0.45567057,0.16851154,0.31628856
0.2681506,2.1643584,9.500193,0.3794346,0.14674728,0.2713987
0.49799395,2.6240451,12.679692,0.24371777,0.10273008,0.19043288
0.49799395,1.0534488,9.155427,0.18613936,0.04998623,0.11253883
0.30645782,4.654328,8.619126,0.15885986,-0.006213372,0.0461116
0.6895301,0.095768064,11.070788,0.1325403,-0.008203047,0.041050144
0.6895301,1.5514427,10.0748005,-0.37233108,-0.049480084,-0.06288421
0.2681506,3.6583402,8.350976,-0.67830473,-0.074717544,-0.12093386
0.11492168,1.9728222,5.209783,-0.44748497,-0.067142814,-0.10430088
1.340753,5.3821654,9.193734,0.34088024,-0.048432887,-0.04808382
0.49799395,0.82360536,11.990162,0.23884831,-0.04452335,-0.058468528
-0.7661445,2.6623523,9.270349,-0.017941985,0.07435103,0.08651597
0.45968673,3.6583402,8.695741,-0.15170401,0.08065166,0.07548549
0.38307226,1.5897499,10.840945,-0.1762608,0.069097586,0.05745624
0.7278373,0.36391866,12.334928,-0.20261528,0.058346357,0.047350783
-0.49799395,-0.019153614,12.488156,-0.44539058,0.1322785,0.13363986
-0.4213795,2.3175871,7.8912888,-0.66422,0.12358677,0.10536553
0.15322891,3.5051112,6.0142345,-0.6251071,0.10323623,0.08511971
1.1492168,2.4708161,5.66947,-0.48239154,0.084177226,0.075939275
0.45968673,2.6240451,7.776367,-0.36281905,0.043545965,0.031660274
1.4173675,3.0454245,6.3589997,-0.26277676,-0.006387905,-0.03890339
0.8810662,2.815581,10.0748005,-0.20910789,-0.019844394,-0.059131756
1.1875241,0.8619126,10.611102,-0.14463544,-0.056758106,-0.11189306
0.45968673,0.24899697,11.070788,-0.13189453,-0.07087782,-0.12973033
0.038307227,1.8962077,8.312668,-0.16489871,-0.06674139,-0.11985176
0.34476504,3.1986535,10.036493,-0.33093187,-0.03820526,-0.08864527
-0.6512229,3.1603463,7.776367,-0.23469442,-0.01633628,-0.060772363
0.038307227,0.24899697,6.5505357,-0.23125613,0.011082841,-0.033213615
0.38307226,0.6703765,7.3166804,-0.25679028,0.045081854,0.00158825
1.8004397,2.930503,6.129156,-0.17538814,0.009232792,-0.041154865
1.0726024,5.0374002,5.5162406,-0.047577675,-0.030613074,-0.09738937
0.80445176,0.63206923,10.342952,0.1314582,-0.07967428,-0.15887733
0.22984336,3.0454245,10.151415,0.2629164,-0.11058406,-0.18992673
0.30645782,2.1643584,7.8146744,0.3127979,-0.15976743,-0.26345745
1.2641385,3.1603463,8.350976,0.30724776,-0.19142771,-0.3142989
0.7661445,5.497087,9.193734,0.25850073,-0.14093533,-0.24282765
-0.15322891,2.3558946,7.431602,0.2690425,-0.11164871,-0.19612265
0.6512229,1.5897499,9.423578,0.22530456,-0.08995427,-0.17050122
0.6512229,0.40222588,14.441825,0.13625786,-0.045937065,-0.10833259
0.49799395,0.17238252,15.016433,0.07415904,-0.026912976,-0.08824385
0.19153613,3.4284968,11.722012,0.009756391,-0.03452261,-0.11847295
-0.038307227,3.5434184,9.691729,-0.012042772,-0.015655603,-0.07930776
0.7661445,2.0111294,9.155427,-0.005986479,-0.009197885,-0.071663216
0.15322891,4.1180267,9.883265,0.056286868,-0.001361357,-0.062412973
-0.4213795,2.3942018,9.959879,0.21460569,0.006108652,-0.0461116
0.9959879,0.47884035,7.201759,0.1184555,0.014224433,-0.043319073
0.6512229,1.7812861,6.4739213,0.022602014,0.028379053,-0.03520329
0.5363012,3.1986535,5.746084,0.002042035,0.042062435,-0.027541295
0.8810662,5.0374002,5.401319,0.05873033,0.037594393,-0.052290063
0.34476504,1.7046716,8.159439,0.09443977,0.028099801,-0.07089528
0.61291564,0.1340753,11.070788,0.04150393,0.020751964,-0.08784242
0.8810662,-0.32561144,10.496181,-0.16896532,0.013229596,-0.0940907
-0.38307226,2.27928,5.401319,-0.32148966,0.016510814,-0.09473647
0.30645782,3.2369606,7.6231384,-0.25221753,0.0782082,0.008813913
0.5363012,2.777274,9.883265,-0.12522738,0.11278318,0.069690995
0.5746084,2.3175871,10.840945,0.03333579,0.14589207,0.11238175
1.0342951,3.7732618,8.465898,0.16749924,0.13950416,0.10487683
0,3.0071173,6.2823853,0.25324726,0.09023352,0.04150393
0.076614454,5.2289367,9.691729,0.31342623,0.05347689,-0.001570796
0.5746084,2.7006595,9.768343,0.32882002,0.006108652,-0.0749968
-0.15322891,0.05746084,12.488156,0.20317377,-0.055134952,-0.17769197
0.19153613,2.27928,12.220005,0.13740978,-0.07702138,-0.20090485
-0.19153613,0.24899697,7.431602,0.019024089,-0.04872959,-0.159558
0.6895301,2.3175871,10.534488,-0.112556286,-0.024888394,-0.12356931
0.8810662,1.0151415,7.776367,-0.335941,-4.36E-04,-0.0572468
-0.22984336,2.585738,9.576807,-0.353307,-5.76E-04,-0.045186576
0.6895301,5.267244,9.232041,-0.20936969,-0.003839724,-0.047891833
-0.34476504,4.8841715,8.695741,0.11072369,0.051504668,0.021223204
0.8810662,4.1180267,9.232041,0.31021482,0.045099307,0.007557276
1.2258313,1.8962077,10.802638,0.2578375,0.001308997,-0.078574724
0.38307226,1.1683705,9.423578,0.1566433,-0.06169739,-0.17201965
1.340753,2.432509,6.0525417,0.108524576,-0.18139207,-0.3366391
0.4213795,1.7429788,7.1251445,0.07934267,-0.17941985,-0.31581733
-0.19153613,-0.40222588,11.109096,-0.053023104,-0.1653525,-0.2990447
0,3.2369606,7.0485296,-0.2539105,-0.103445664,-0.20668189
0.30645782,3.0071173,6.5122285,-0.23251276,-0.06319837,-0.14571753
1.1492168,5.2289367,7.086837,-0.009599311,-0.041329395,-0.12894492
1.1875241,0.63206923,9.193734,0.083269656,-0.0360585,-0.11529645
0.038307227,-0.47884035,12.641385,0.10665707,-0.047438048,-0.123359874
-0.2681506,4.501099,12.98615,0.09087929,-0.03790855,-0.10026917
-0.22984336,1.4748282,8.887277,0.14953981,-0.031450834,-0.09646435
1.4173675,2.27928,9.80665,0.1365022,-0.017645279,-0.08018043
0.7661445,1.436521,10.189722,0.054681167,-0.027401669,-0.1189791
0,1.2066777,11.645397,-0.033562683,-0.021135937,-0.09892526
-0.6512229,3.3901896,9.11712,-0.29408798,-0.018535396,-0.073722705
-0.30645782,1.091756,8.580819,-0.39645153,-0.007958702,-0.047647487
0.2681506,1.6280571,10.572795,-0.30925488,0.02560398,-0.033684853
0.22984336,0.17238252,9.078813,-0.36233035,0.12159709,0.10075786
0.7278373,1.2066777,6.9719152,-0.31468287,0.18980455,0.18163641
0.11492168,4.232949,4.903325,-0.21813124,0.19919443,0.19985765
0.22984336,3.1603463,5.861006,-0.07257079,0.13795082,0.11472049
0.6895301,2.0111294,9.921572,-0.00715585,0.07168067,0.01616175
1.340753,-0.90021986,12.29662,-0.12630948,0.044977136,-0.015934857
1.2641385,1.6280571,13.867216,-0.2496868,-0.005969026,-0.08716174
0.22984336,1.8962077,10.572795,-0.25192082,-0.038449604,-0.1566782
0.19153613,2.930503,10.955867,-0.19552924,-0.083095126,-0.21038198
-0.11492168,1.0534488,11.760319,-0.22903955,-0.0850499,-0.19711748
0.49799395,3.5051112,9.461885,-0.21066125,-0.07353072,-0.19123572
1.0726024,5.1140146,10.189722,-0.16550957,-0.05899213,-0.15831882
0.19153613,2.0111294,7.3549876,-0.07733554,-0.059079394,-0.16851154
-0.19153613,3.964798,9.423578,0.082030475,-0.058608156,-0.17596409
-1.7238252,2.8921957,3.2561142,0.25340435,-0.056269415,-0.18603465
0.9959879,1.091756,2.1068976,0.35416222,-0.07332128,-0.21593213
0.8810662,1.934515,5.9759274,0.4587249,-0.09192649,-0.25624925
0,0.59376204,9.040505,0.40379938,-0.10602875,-0.25909412
1.0726024,1.0151415,11.032481,0.28876472,-0.13117895,-0.26857126
0.5363012,2.4708161,7.431602,0.020158553,-0.16372934,-0.25750586
1.1492168,5.45878,6.5505357,-0.023858652,-0.16543975,-0.24600416
-0.30645782,4.6926355,5.631162,0.08415978,-0.1150172,-0.19594811
-0.038307227,3.620033,9.730036,0.5449965,-0.027977629,-0.17528342
0.61291564,0.5554548,12.028469,0.46703264,-0.013334315,-0.13295919
0.7661445,1.8579005,12.794614,0.344528,0.038798667,-0.021868976
0.45968673,2.087744,12.181698,0.2674368,0.03269002,0.006335545
-0.11492168,1.6663644,12.373235,0.15779522,0.041364305,0.08201302
0.30645782,3.5817258,12.871228,0.016667895,0.059044488,0.14400712
0.61291564,0.63206923,13.637373,-0.1269029,0.075450584,0.19250982
-0.45968673,7.795521,11.33894,-0.10875147,0.06726499,0.16976817
-0.61291564,2.6240451,10.649409,-0.10684906,0.027070057,0.10534807
-0.11492168,2.087744,6.8569937,-0.15432201,0.022881266,0.10925761
-0.5363012,0.17238252,11.18571,-0.1629614,0.043074727,0.14791666
-0.38307226,-4.9224787,12.449849,-0.21722367,0.060370937,0.17638297
0,0.05746084,8.00621,-0.3196047,0.061191242,0.20467477
0.61291564,5.650316,5.439626,-0.33848915,0.059707712,0.21081832
-1.1875241,9.519346,-0.038307227,0.06190683,0.15074408,0.28427923
-0.7661445,6.14831,1.9153614,0.22998203,0.14940019,0.27295205
-0.11492168,-1.1300632,10.457873,0.20692624,0.15023795,0.29024825
3.86903,-5.4204726,18.272547,-0.19442968,0.05651376,0.20594884
1.6089035,1.7812861,10.266336,-0.3416482,-0.020367993,0.12095132
0.6512229,5.7269306,5.9759274,-0.22240731,-0.027925268,0.09967575
-1.2258313,5.9184666,4.175488,0.36250487,-0.043528512,-0.001797689
-1.1875241,1.2066777,11.33894,0.3279648,-0.010367256,0.0498117
0,1.3599066,13.9438305,0.28019515,0.048537605,0.135455
1.4556746,2.7006595,11.33894,0.12660618,0.081611596,0.1868375
-0.11492168,4.501099,7.240066,-0.0752586,0.066060714,0.18252653
-0.7661445,5.9184666,5.4779334,-0.006667158,0.048380528,0.15383331
-0.49799395,1.5897499,7.1634517,0.08152433,0.040701076,0.13393657
0.11492168,2.1260512,10.266336,0.3678456,0.07546803,0.16435766
0.7661445,1.4748282,11.224017,0.53885293,0.0678584,0.13100441
1.1109096,0.9768343,7.967903,0.46273914,0.06195919,0.12606514
0.80445176,2.3175871,6.6271505,-0.17376497,-0.109030716,-0.055431657
0.19153613,2.8921957,7.6614456,-0.567808,-0.13768902,-0.054995324
0.22984336,3.2752678,8.312668,-0.4539427,-0.1105317,-0.028885199
0.30645782,4.9224787,14.326903,0.36519268,0.021746803,0.07220427
0.7278373,3.1986535,13.177686,0.48174578,0.058276545,0.11358603
0.9959879,3.7732618,10.228029,0.3997153,0.05312782,0.10306169
1.340753,4.6926355,10.342952,0.12398819,-0.05825909,-0.03181735
0.038307227,2.8921957,11.224017,0.025464354,-0.08576548,-0.061941735
-0.19153613,4.999093,10.879252,0.07482226,-0.15512486,-0.15840608
-1.1109096,0.095768064,11.9135475,0.14383258,-0.10190977,-0.0795172
0.11492168,3.466804,9.959879,0.11435397,-0.033632495,0.03668682
0.6895301,1.6280571,12.947843,-0.040788345,0.014119714,0.110182635
0.19153613,1.436521,10.534488,-0.24743533,0.03429572,0.14461797
-0.7661445,2.6623523,7.967903,-0.24377014,0.044436082,0.1526814
-0.4213795,4.5394063,4.903325,-0.118839465,0.05778785,0.16566665
0.19153613,4.0797195,5.899313,0.040893063,0.11754792,0.2263343
0.30645782,0.5554548,8.00621,0.1463284,0.18545869,0.30576423
0.61291564,0.05746084,4.711789,0.16261232,0.21875957,0.34578463
1.5705963,5.1906295,9.768343,0.15229744,0.16489871,0.26352727
0.9959879,2.087744,8.848969,0.17901842,0.111090206,0.19072957
0.80445176,3.3135753,10.457873,0.17640042,0.037559487,0.095294975
0.61291564,4.156334,10.534488,0.10906562,-0.027750734,0.009686577
-0.61291564,1.3982137,7.6614456,1.57E-04,0.025778513,0.09258971
-0.45968673,4.271256,10.036493,0.01574287,0.039880775,0.11316715
-0.076614454,2.3942018,10.994174,-0.016842427,0.03584906,0.09955358
-0.49799395,4.156334,13.40753,0.018378317,0.017732546,0.07056366
1.1109096,2.432509,11.070788,0.02666863,-0.015934857,0.028187068
0.5746084,4.462792,9.615114,0.10042624,-0.13425073,-0.13072516
1.6472107,0.6703765,9.078813,0.23460716,-0.33466688,-0.42339942
2.2601264,3.083732,9.232041,0.19854866,-0.50003684,-0.67001444
0.4213795,3.3135753,10.151415,0.116937056,-0.51583207,-0.68507665
0.6512229,4.271256,8.159439,-0.030455995,-0.40910518,-0.5074021
0.7661445,3.7732618,7.393295,-0.061348323,-0.37575194,-0.44977134
0.4213795,1.5897499,8.197746,-0.029234264,-0.30981338,-0.34522614
0.5746084,1.7429788,8.580819,-0.048048913,-0.19395845,-0.16198401
-0.30645782,2.96881,7.431602,-0.045308746,-0.09920452,-0.03248058
0.30645782,4.501099,8.121132,0.009529498,0.091402896,0.22526965
-0.30645782,1.283292,9.768343,0.03965388,0.31265828,0.5391148
0.30645782,-0.93852705,7.5848308,0.03185226,0.32840115,0.56164694
0.6512229,2.7389667,9.385271,-0.08597492,0.29359928,0.5204746
-0.30645782,3.3901896,7.1251445,-0.12559389,0.21937044,0.41545817
0.49799395,3.2369606,8.389283,-0.08850565,0.16678366,0.34412658
0.91937345,-1.3599066,12.564771,-0.15601498,0.12569861,0.27146852
0.49799395,-1.2066777,11.33894,-0.41188025,0.112730816,0.26331782
0.7278373,4.7309427,8.580819,-0.40533528,0.12067206,0.28192303
1.532289,4.232949,6.588843,-0.2517812,0.13894565,0.30229104
-0.49799395,4.003105,7.1251445,-0.12229522,0.15940093,0.3218387
-0.61291564,2.27928,7.6614456,-0.01675516,0.20050342,0.37278488
0.45968673,4.3478703,8.848969,-0.02560398,0.30960396,0.5308244
0.6895301,1.3215994,10.91756,-0.026651178,0.3477394,0.5803045
0.61291564,1.7812861,9.883265,-0.03197443,0.28033477,0.48212975
-1.7238252,3.8115692,10.342952,-0.061034165,0.24052383,0.41327652
0.34476504,3.5817258,8.42759,-0.079220496,0.21678734,0.36571628
1.0342951,1.3215994,10.266336,-0.093479834,0.1776396,0.29921925
2.3750482,1.2066777,9.921572,-0.10533062,0.13451253,0.230558
1.7621324,1.7812861,6.5122285,-0.082623884,-0.019041542,0.022410028
0.19153613,3.8115692,6.588843,-0.06352998,-0.15468854,-0.15308283
0.2681506,1.3215994,7.240066,-0.041434117,-0.13376203,-0.1171465
-0.076614454,5.535394,9.155427,0.10855948,-0.07494444,-0.025726153
-0.22984336,2.2409728,8.542512,0.38294268,-0.00986111,0.079796456
0.8810662,1.8962077,11.645397,0.42580798,0.007522369,0.09698795
1.3790601,0.2873042,10.304645,0.23917992,0.00270526,0.05771804
-0.11492168,3.964798,7.0485296,0.049916416,0.010524335,0.03869395
1.1109096,0.24899697,7.776367,-0.025446901,0.005480334,0.023980824
0.45968673,4.7309427,8.389283,-0.11424925,-0.03960152,-0.054192472
-0.7278373,0.7086837,10.840945,-0.15262905,-0.079970986,-0.12796754
-0.91937345,2.3558946,9.423578,-0.12678072,-0.06499606,-0.1219287
-0.34476504,3.8881836,10.036493,-0.044889867,-0.06394886,-0.11056661
-0.45968673,2.3942018,10.036493,-0.06955137,-0.051225413,-0.0922232
0.45968673,5.0374002,10.534488,-0.0511556,-0.044610616,-0.080232784
0.80445176,5.535394,10.611102,0.05539675,-0.028867746,-0.04839798
1.8387469,-1.1300632,10.726024,0.14226179,-0.007714355,-0.015044739
1.1875241,-0.7469909,6.7803793,0.027070057,8.20E-04,-0.01595231
1.340753,4.309563,5.93762,-0.03811799,-0.007696902,-0.03609341
0.076614454,2.3175871,6.742072,-0.03783874,-0.016563175,-0.0564614
0.2681506,4.9224787,11.722012,-0.069097586,-0.02617994,-0.06904522
0.45968673,1.436521,13.828909,-0.11040953,-0.022567106,-0.06122615
-0.038307227,2.3942018,11.377247,-0.07600909,0.002251475,-0.017819813
0.19153613,1.5897499,7.5082164,-0.039671335,0.017558012,0.011938052
-0.30645782,5.3438582,8.0445175,0.019600047,0.10295697,0.13283701
-0.6895301,2.8921957,8.197746,0.09731956,0.18352138,0.24825563
0.6895301,0.59376204,3.7924154,0.093235485,0.13524556,0.18186331
1.2258313,4.4244847,8.465898,0.1439373,0.086812675,0.11753047
0.49799395,0.93852705,9.5385,0.11646582,0.043179445,0.04145157
0.7661445,5.6120086,10.381259,0.075939275,-0.082693696,-0.14100514
0.5363012,2.930503,10.304645,0.057264253,-0.18901916,-0.29510027
-0.076614454,1.8195933,8.121132,0.005078908,-0.19788542,-0.32279864
0.842759,6.7612257,10.496181,0.035587262,-0.11819369,-0.21273819
1.4939818,2.7006595,9.193734,0.07902851,-0.10768682,-0.20692624
0.30645782,1.1300632,10.419566,0.10119419,-0.08777261,-0.17884389
0.80445176,0.2873042,10.266336,0.07604399,-0.06304129,-0.12969542
-0.6895301,2.1643584,7.73806,-0.04728097,-0.049951322,-0.123359874
-0.22984336,4.8458643,7.086837,-0.011920598,-0.043249257,-0.11761774
0.8810662,6.83784,11.262324,0.018989183,-0.034627333,-0.126484
-0.6895301,-0.36391866,12.603078,0.05715953,0.002024582,-0.07770206
0.6512229,1.6663644,11.530476,0.028867746,-0.001850049,-0.07658505
1.4556746,1.091756,9.883265,-0.039898228,-0.01441642,-0.084107414
0.9576807,2.8538885,7.469909,-0.085416414,-0.011711159,-0.07068583
0.15322891,4.8458643,8.159439,-0.120881505,-0.06531022,-0.1397136
0.61291564,1.0534488,8.695741,-0.1243198,-0.05403539,-0.12974778
-0.038307227,1.7046716,7.6614456,-0.19418533,-0.0360585,-0.10311405
0.9576807,3.620033,9.576807,-0.22123794,-0.027122416,-0.089273594
0.9576807,2.815581,6.933608,-0.1497318,0.011711159,-0.031730086
1.1875241,4.501099,7.73806,-0.12372639,0.008883726,-0.039880775
-0.19153613,2.8921957,10.764331,-0.10924016,0.07927285,0.055484015
0.11492168,1.934515,9.691729,-0.08227482,0.14295992,0.14453071
0.45968673,1.5131354,11.032481,-0.04632104,0.12529719,0.111997776
-0.30645782,1.283292,8.925584,0.017749999,0.0874759,0.07881907
0.11492168,2.585738,10.151415,-0.012199852,0.06339036,0.054506633
-0.038307227,2.27928,10.611102,-0.05766568,0.05164429,0.048834313
0.61291564,4.1946416,8.887277,-0.087441,0.02984513,0.018413223
0.49799395,3.5817258,6.3589997,0.002111848,0.02677335,0.017837266
0.80445176,2.96881,10.6877165,0.055065136,0.02321288,0.016947147
0.49799395,2.4708161,10.457873,0.16898277,0.02776819,0.025150195
0.45968673,2.8538885,7.5848308,0.1558928,0.03728023,0.037315138
-0.2681506,3.7349546,8.619126,0.17221163,0.04117232,0.04766494
1.2641385,4.0414124,9.308656,0.3283139,0.026441738,0.041050144
0.61291564,2.6240451,9.768343,0.30527553,0.009110618,0.019250982
-0.15322891,1.934515,9.461885,0.26326546,9.60E-04,0.012653637
0.9576807,2.2409728,8.887277,0.19938642,0.006300638,0.036075957
0.038307227,4.1946416,9.232041,0.06792822,-0.002111848,0.022759093
-0.038307227,4.156334,11.070788,0.11606439,-0.005340708,0.020053834
0.4213795,3.3518825,9.576807,0.13076007,0.003577925,0.03820526
-0.91937345,2.6240451,8.312668,0.16840681,0.010035643,0.047577675
0.19153613,2.0494366,9.5385,0.32618457,0.030752702,0.083932884
0.4213795,-0.17238252,11.683704,0.18928096,0.03195698,0.08091346
-1.4173675,3.7732618,8.197746,0.07847001,0.050387654,0.11267845
-0.2681506,4.76925,9.653421,0.040055305,0.08782497,0.18069394
0.6512229,3.083732,7.699753,0.051138148,0.12527974,0.24581218
0.2681506,1.7429788,10.113108,0.006492625,0.1434486,0.26143286
1.4556746,2.6623523,10.802638,0.015323991,0.11351621,0.22031291
2.1068976,2.3942018,8.274361,-0.004886922,0.082117744,0.17594664
0.6512229,3.6966474,8.159439,-0.060091686,-0.002617994,0.051958453
0.7278373,3.5817258,5.707777,-0.07803367,-0.103358395,-0.08805186
1.685518,3.0071173,8.580819,-0.092746794,-0.16119862,-0.1650907
0.15322891,2.27928,9.921572,-0.07983136,-0.13208652,-0.12603022
1.532289,-0.82360536,8.00621,-0.08569567,-0.10505137,-0.072326444
1.4173675,2.8921957,9.959879,-0.1356819,-0.10861184,-0.07730063
0.4213795,3.9264908,8.734048,-0.1463284,-0.09534734,-0.044820055
-0.30645782,-0.17238252,8.159439,-0.23490386,-0.11974704,-0.08272861
0.15322891,4.3861775,9.653421,-0.30602604,-0.14306463,-0.13779375
-0.61291564,0.9768343,8.274361,-0.13390166,-0.13409364,-0.13124876
0.49799395,3.7349546,8.236053,-0.035046212,-0.13793337,-0.13868386
1.0726024,1.8579005,7.776367,-0.04860742,-0.14227924,-0.15252432
0.38307226,1.5514427,7.0102224,-0.13182472,-0.13585643,-0.1438675
-0.7278373,1.7046716,5.8226986,-0.18448131,-0.124267444,-0.1272345
0.15322891,2.3942018,9.5385,-0.15706217,-0.07749262,-0.05386086
0.38307226,-0.47884035,12.143391,-0.16769123,-0.015201817,0.025272368
0.842759,0.82360536,11.18571,-0.2775248,0.11360348,0.18598229
0.38307226,5.497087,6.742072,-0.3598171,0.20041616,0.289777
0.34476504,3.1986535,6.5122285,-0.31981415,0.25144958,0.3539004
1.0726024,7.872135,6.5505357,-0.13582152,0.19767599,0.28991663
1.2641385,1.2066777,11.224017,0.047996555,0.1333257,0.21298252
0.5746084,1.2066777,12.794614,0.112416655,0.1020494,0.17205456
-0.076614454,1.6663644,14.441825,0.036128316,0.07351327,0.10531317
-0.11492168,2.96881,9.691729,-0.040718533,0.038833577,0.024888394
0.4213795,4.0414124,8.963891,-0.04576253,0.015428711,-0.005550147
0.038307227,1.5514427,8.848969,-0.043528512,-0.009023353,-0.031834807
0.61291564,1.8579005,8.810662,-0.053145275,-0.019652408,-0.046286132
0.6512229,2.4708161,8.734048,-0.026057765,-0.028867746,-0.05386086
0.49799395,3.8498764,9.576807,0.0429351,-0.05014331,-0.07501425
0.7278373,0.5554548,8.810662,0.005899213,-0.091088735,-0.13114405
0.5363012,1.6663644,10.840945,-0.07731809,-0.1577603,-0.2321637
0.49799395,-0.47884035,8.350976,-0.07534587,-0.15938346,-0.23319344
-0.076614454,4.232949,7.929596,-0.031625368,-0.12320279,-0.17428859
0.9959879,1.8962077,7.929596,-0.005585054,-0.101054564,-0.14322172
0.91937345,0.93852705,6.895301,-5.41E-04,-0.08325221,-0.118752204
0.7278373,1.934515,9.80665,-0.080232784,-0.06906268,-0.10316641
1.4173675,2.3558946,9.844957,-0.23094197,-0.057386424,-0.09246755
0.49799395,5.1523223,8.465898,-0.19776326,-0.047141343,-0.07740535
0.49799395,4.9224787,5.66947,0.108053334,-0.05057964,-0.065484755
0.9959879,-0.05746084,8.734048,0.15625933,-0.041783184,-0.030735249
0.4213795,1.1683705,10.189722,0.11716395,-0.029391345,-0.011065387
0.7278373,3.6966474,5.592855,0.083112575,-0.027331855,-0.017418386
1.2258313,4.309563,6.6654577,0.10114183,-0.058677968,-0.06963864
0.11492168,3.083732,10.764331,0.12784536,-0.06410594,-0.0824668
-0.15322891,-0.36391866,14.173674,0.08693485,-0.03968879,-0.051347587
0.45968673,1.5897499,9.883265,0.047804568,-0.001064651,0.005288348
-0.038307227,5.535394,7.1251445,0.0673348,0.031346112,0.056269415
0.5746084,5.497087,7.3549876,0.28213248,0.07728318,0.14231415
0.61291564,1.1300632,13.062764,0.37597883,0.09155997,0.17523105
-0.19153613,0.5554548,12.105083,0.19067723,0.10000736,0.19198622
0.91937345,2.8538885,9.80665,0.11013027,0.1055226,0.20718804
-0.11492168,4.5394063,4.865018,0.14985397,0.11986921,0.23755677
0.8810662,3.122039,5.899313,0.21334904,0.15762068,0.29260445
-1.3024458,0.21068975,11.990162,0.19406316,0.2679255,0.4704186
0.6895301,-0.21068975,13.522451,-0.15627678,0.37096974,0.56794757
0.5746084,2.0494366,8.695741,-0.17718582,0.40831977,0.62109286
-0.2681506,4.003105,8.0445175,-0.11969468,0.38330922,0.59786254
-0.076614454,4.6160207,6.244078,-0.0625526,0.34939745,0.57053065
-0.22984336,2.087744,9.040505,-0.011065387,0.37234855,0.62796944
0.80445176,1.4748282,13.369223,-0.022549653,0.31953487,0.54379225
0.38307226,2.3175871,10.994174,-0.00418879,0.25572565,0.4460538
1.4173675,8.599973,10.228029,0.16121607,0.20326105,0.4068537
1.2258313,2.8538885,9.653421,0.25731388,0.13257521,0.32426473
1.3024458,2.087744,10.228029,0.12501794,-0.07480481,-0.01966986
0.45968673,6.7229185,10.91756,0.09150761,-0.09292133,-0.04103269
0.15322891,2.1643584,10.113108,0.2027898,-0.07613126,0.0360585
0.6895301,1.5131354,8.542512,0.20757201,-0.07220427,0.0426733
0.80445176,5.650316,8.695741,0.17715092,-0.08388052,0.002443461
1.2258313,2.7006595,12.947843,0.14880677,-0.14009757,-0.095783666
0.49799395,2.1643584,10.189722,0.114458695,-0.24687682,-0.26677358
1.1875241,5.9567738,12.29662,0.20636773,-0.31185544,-0.34517378
-0.15322891,2.0494366,12.488156,0.3456101,-0.2928488,-0.2762158
0.9959879,3.8115692,7.469909,0.2802475,-0.3082077,-0.30298916
1.0726024,6.4547677,11.60709,0.21406463,-0.2709973,-0.2668783
-0.038307227,1.5514427,9.653421,0.1409877,-0.28333676,-0.3124663
0.4213795,1.4748282,11.147403,0.111352004,-0.2628117,-0.2870194
0.45968673,1.6663644,10.342952,0.053197637,-0.21717131,-0.2406809
-0.61291564,2.3558946,6.6654577,-0.12170181,-0.15027285,-0.17156586
1.0342951,4.156334,8.542512,-0.24734806,-0.12550662,-0.15269886
0.6512229,3.7349546,8.963891,-0.13662437,-0.022724187,-0.004991642
1.4556746,2.2026656,10.572795,-0.12505284,0.004590216,0.024923302
0.19153613,0.78529817,10.496181,-0.20764183,-0.012042772,-0.021711895
0.19153613,4.0797195,9.270349,-0.20315632,0.0172264,0.019949114
0.038307227,3.1603463,6.895301,-0.24089034,0.013945181,0.01569051
-0.30645782,3.1603463,7.240066,-0.21930061,0.030281462,0.041975167
1.0726024,-0.17238252,8.772355,-0.19010127,0.07251843,0.10665707
0.9576807,0.63206923,9.615114,-0.2563016,0.08196066,0.1028348
0.038307227,2.96881,9.500193,-0.27213174,0.061871924,0.054558992
0.45968673,2.3175871,9.155427,-0.2933724,0.10131636,0.101630524
-0.8810662,3.8881836,9.11712,-0.34409165,0.106325455,0.08761553
0.22984336,2.930503,8.274361,-0.2425833,0.14798647,0.16674876
-0.038307227,1.2066777,10.342952,-0.18549359,0.18133971,0.22865559
-0.038307227,-1.3982137,6.742072,-0.107791536,0.19411552,0.26028094
0.842759,5.9567738,8.274361,-0.040561453,0.20523326,0.29902726
0.842759,3.1603463,9.040505,0.046635196,0.19369663,0.32217032
1.3024458,4.5394063,6.742072,0.14388494,0.1743933,0.33089697
1.4939818,2.1260512,9.423578,0.1134464,0.13817772,0.2701246
0.2681506,0.51714754,10.994174,0.10332349,0.087964594,0.196367
0.19153613,1.2066777,11.568783,0.062273346,0.02708751,0.10622074
0.38307226,3.6583402,11.683704,-0.006667158,0.029914944,0.0935671
0.11492168,3.6966474,9.232041,-0.13554227,0.03556981,0.076689765
0.11492168,2.5091233,4.2904096,-0.078173295,0.024521876,0.06560693
0.61291564,3.8881836,8.121132,0.04103269,0.03333579,0.10658725
0.49799395,0.36391866,10.726024,0.13262758,0.071157075,0.20055579
0.7661445,4.271256,12.181698,0.15173893,0.07728318,0.21204005
0.6895301,2.087744,8.159439,0.085887656,0.057316612,0.1846733
0.038307227,4.654328,8.0445175,0.08061676,0.044069562,0.16348499
0.91937345,3.0454245,6.6654577,0.114214346,0.003961898,0.10058332
0.45968673,2.0111294,7.5082164,0.17554522,-0.08196066,-0.017732546
1.3790601,1.1300632,10.228029,0.22221532,-0.12732176,-0.08065166
0.2681506,1.7812861,9.768343,0.09245009,-0.13884094,-0.14161602
0.49799395,4.76925,6.244078,0.014503686,-0.11409217,-0.13454743
-0.11492168,5.5737014,4.3287168,0.06349508,-0.07867944,-0.06965609
0.038307227,4.003105,5.7843914,0.31356585,0.13768902,0.337983
-0.9959879,1.3982137,11.224017,0.39308307,0.25429448,0.54674184
1.4556746,0.90021986,11.530476,0.37597883,0.2749417,0.5821371
0.61291564,4.462792,9.002198,0.29583332,0.2080258,0.45469317
1.6089035,2.2026656,6.742072,0.2252871,0.15721926,0.3509159
0.8810662,2.6240451,10.228029,0.16076228,0.03148574,0.14463544
-0.15322891,1.283292,12.143391,0.0636347,-0.057560958,-0.018151425
0.038307227,3.0071173,12.564771,0.021799162,-0.03567453,-0.012496557
0.49799395,5.9567738,9.270349,-0.016022123,-0.02263692,-0.022549653
-0.38307226,4.156334,6.0142345,0.001762783,-0.016493361,-0.03010693
0.6512229,5.1523223,8.504205,0.08635889,0.019024089,0.028955013
0.842759,0.78529817,13.599066,0.06932448,0.04061381,0.044558257
0.91937345,-0.47884035,12.564771,-0.085329145,0.005113815,-0.042481314
1.685518,2.3175871,7.393295,-0.11868239,-0.001064651,-0.061732296
-0.5746084,2.432509,6.3206925,-0.09737192,-0.007976155,-0.059969515
-0.19153613,3.0071173,7.201759,-0.24623105,-0.039566614,-0.15301302
0.8810662,0.7469909,9.80665,-0.40355504,-0.08267625,-0.2747672
1.0726024,1.0534488,7.201759,-0.458306,-0.1285086,-0.38097048
-0.11492168,2.3558946,7.967903,-0.34576717,-0.1638166,-0.42432445
0.4213795,3.5434184,5.93762,-0.275954,-0.13756685,-0.3671998
0.19153613,3.1986535,7.5465236,-0.2133316,-0.09389871,-0.27843237
0.11492168,3.7349546,9.155427,-0.09639453,-0.06393141,-0.18566813
0.4213795,2.585738,9.998186,-0.014817845,-0.022584561,-0.099169604
1.1875241,-1.7046716,9.998186,0.023561945,-0.010978121,-0.071157075
0.6895301,2.5091233,10.457873,-0.012583824,-0.016318828,-0.07485717
0.2681506,1.7429788,9.844957,-0.16219345,-0.0490263,-0.1470789
-0.11492168,2.3558946,10.036493,-0.47104692,-0.10576695,-0.284925
-0.15322891,4.309563,9.155427,-0.47099456,-0.0888198,-0.24708626
-0.15322891,4.156334,7.699753,-0.24069835,-0.045553092,-0.14004523
0.30645782,4.309563,6.435614,0.09154252,0.066566855,0.08698721
1.4556746,1.5514427,11.990162,0.14828317,0.071907565,0.10545279
0.61291564,0.2873042,13.330915,-0.049323004,-0.015777776,-0.07112217
0.49799395,5.6120086,8.274361,-0.06791076,-0.036459927,-0.11011282
-0.038307227,5.45878,6.5505357,0.1092227,-0.009512045,-0.036599554
-0.45968673,3.8881836,6.129156,0.26789057,0.014852752,0.037926003
-0.9576807,2.96881,6.167464,0.34686673,0.10698868,0.183661
0.7661445,1.0534488,12.832921,0.24532348,0.18865263,0.270718
1.4939818,0.2873042,12.449849,-0.008517207,0.11826351,0.102573
0.9959879,1.4748282,9.998186,-0.12751375,0.033859387,-0.03864159
-0.49799395,2.8538885,5.363012,-0.16980308,0.012287118,-0.077998765
-0.80445176,4.1180267,5.554548,0.008464847,0.10965904,0.08831366
-0.6512229,3.5434184,8.504205,0.10166543,0.1425585,0.16009904
-0.30645782,-1.2066777,12.488156,0.10407399,0.23970352,0.29003882
1.1875241,2.5091233,10.611102,0.06939429,0.24096015,0.28307495
0.8810662,3.5051112,7.5465236,0.034068827,0.15830137,0.14138912
1.1875241,2.8921957,5.631162,-0.044715334,0.07168067,-0.00132645
1.340753,2.0111294,7.3549876,-0.13241813,0.016563175,-0.10437069
-0.19153613,1.7046716,10.342952,-0.07274532,0.004380777,-0.10086258
-0.19153613,2.930503,11.683704,-0.05508259,0.0029147,-0.07476991
1.4556746,3.6583402,10.113108,-0.122783914,-0.052080624,-0.16196655
1.1875241,3.6966474,10.113108,-0.20708331,-0.11461577,-0.25200808
0.22984336,3.1986535,10.572795,-0.21511184,-0.25438175,-0.4338714
-0.49799395,2.585738,6.703765,-0.18537141,-0.26684338,-0.45085344
-1.1875241,1.5897499,10.457873,-0.09388126,-0.18872245,-0.33651695
0.9576807,-2.585738,12.909535,-0.042970005,-0.13032374,-0.24549802
0.80445176,2.930503,12.334928,-0.07127925,-0.0885231,-0.19301596
0.22984336,5.267244,8.925584,-0.10868165,-0.12676327,-0.24743533
-0.6895301,5.765238,4.903325,-0.062692225,-0.12356931,-0.23431045
0.076614454,0.90021986,12.066776,0.05529203,-0.1351583,-0.2377313
0.38307226,-1.3599066,11.9135475,0.018116517,-0.16613789,-0.2853439
1.1492168,1.8962077,5.094861,-0.009896017,-0.17079791,-0.28541368
0.49799395,4.3861775,8.6574335,-0.072064646,-0.13613568,-0.2517463
-0.19153613,1.934515,10.6877165,-0.08888962,-0.091734506,-0.1841846
-0.038307227,4.0797195,11.87524,-0.0736878,-0.04314454,-0.108227864
1.532289,1.2449849,7.73806,-0.064175755,-0.010594148,-0.06667158
0.5746084,2.5474305,5.4779334,-0.0649437,0.001500983,-0.04579744
1.2258313,8.446744,12.258312,-0.02115339,-0.020210912,-0.088435836
0.22984336,1.9728222,12.143391,0.045186576,-0.025150195,-0.07688175
0.80445176,0.63206923,12.220005,0.019338248,-0.036913715,-0.102433376
1.340753,1.5897499,9.346964,-0.018587757,-0.13657202,-0.24504423
0.30645782,2.777274,7.1251445,0.015725417,-0.21345377,-0.3519631
0.7278373,4.807557,8.810662,0.21265091,-0.22245966,-0.33838442
0.8810662,1.091756,11.032481,0.20221385,-0.16386896,-0.2642254
0.8810662,0.93852705,12.181698,-0.07353072,-0.15037757,-0.25295058
0.19153613,4.5394063,8.734048,-0.07805113,-0.1317549,-0.21823597
0.30645782,6.1866174,6.167464,0.20490165,-0.14676474,-0.22390829
-0.5746084,5.9184666,5.0182467,0.5180312,-0.058346357,-0.07272787
0.11492168,-3.4284968,10.342952,0.4104491,-0.04022984,-0.04803146
1.3790601,-2.3558946,14.097059,0.0903906,-0.03457497,-0.061714843
1.1492168,3.1603463,8.619126,0.020542525,-0.059707712,-0.11088077
0.6512229,9.097966,2.528277,0.073722705,-0.105836764,-0.19090411
-1.4173675,1.1300632,9.308656,0.14226179,-0.09564404,-0.18498744
0.6512229,-5.3821654,14.901511,-0.4471708,0.09552187,0.0646819
1.8004397,4.309563,8.6574335,-0.6452831,0.08176868,0.033737216
-0.038307227,8.063671,5.746084,-0.12203342,0.04960226,0.02841396
-0.076614454,3.9264908,3.715801,0.2607871,0.12838642,0.17123425
0.45968673,2.930503,12.066776,0.2854835,0.11039207,0.14905111
0.5746084,1.3982137,11.377247,0.15502015,0.08808677,0.09546951
0.80445176,7.603985,11.492168,0.18764035,0.080128066,0.07386234
2.2601264,0.36391866,10.381259,0.27590165,0.04886922,0.027401669
0.22984336,2.96881,8.810662,0.23228587,-0.004782202,-0.05318018
0.9959879,1.9728222,9.423578,0.13508849,-0.10145599,-0.1937141
0.34476504,-0.24899697,11.87524,-0.4392819,-0.1795071,-0.32365385
1.3790601,3.8498764,7.6614456,-0.3445629,-0.22441444,-0.3776718
0.038307227,4.1946416,7.0485296,0.29274407,-0.18517943,-0.31585222
0,1.3599066,10.994174,0.3677234,-0.02617994,-0.063512534
0.80445176,0.82360536,11.300632,-0.2673146,0.21240658,0.25850073
0.4213795,0.9768343,12.066776,-0.3716504,0.16076228,0.18411478
0.8810662,3.5051112,8.465898,-0.04717625,0.014503686,-2.79E-04
1.4556746,7.029376,4.3287168,0.20099212,-0.06321582,-0.116361104
0.34476504,0.90021986,8.887277,0.16837192,-0.07311184,-0.16222836
-0.038307227,0.2873042,7.240066,-0.023614304,-0.085311696,-0.18643607
0.2681506,4.999093,5.592855,-0.079080865,-0.06794567,-0.14693926
-1.1875241,6.9144545,1.2258313,0.23226842,0.027401669,0.010210176
1.7238252,-1.436521,14.441825,0.039374627,-0.005846853,-0.035430185
1.2258313,-2.7389667,15.1696615,-0.3833441,-0.043057274,-0.089605205
0.6512229,3.2369606,8.121132,-0.50204396,-0.029757863,-0.061156336
-0.30645782,4.4244847,6.6654577,-0.37271506,-0.015550884,-0.022340214
0.45968673,3.9264908,10.113108,-0.22404791,0.007749262,0.032306045
0.15322891,3.3901896,11.300632,-0.07803367,0.080215335,0.1483879
0.842759,2.2409728,10.802638,-0.02989749,0.1158375,0.20336576
1.4173675,1.3599066,6.703765,-0.04803146,0.08988445,0.16208872
1.7621324,3.3135753,8.695741,0.023719024,0.07187266,0.13789846
0.076614454,2.815581,9.959879,0.14048155,0.020141099,0.0765676
-0.61291564,-0.78529817,6.895301,0.1420698,0.013561208,0.07225663
0.15322891,4.271256,8.925584,0.059602994,0.065083325,0.16835445
0,2.777274,9.040505,0.017645279,0.07246607,0.1752485
-0.076614454,1.0151415,5.899313,0.025900686,0.12636183,0.2486047
0.5746084,3.3135753,8.0445175,0.003735005,0.12739158,0.254661
-0.22984336,1.0151415,8.465898,-0.36835173,0.06880088,0.135455
-0.076614454,3.4284968,11.492168,-0.35262632,0.08223991,0.16229817
1.3790601,2.5474305,8.350976,0.07112217,0.2223724,0.43343505
-0.80445176,4.999093,6.703765,0.31047663,0.27467993,0.53668875
1.685518,2.815581,9.385271,0.30009192,0.24007004,0.4754626
1.7621324,-1.3982137,13.867216,0.12569861,0.16441001,0.3146654
2.3750482,2.6623523,9.653421,0.04173082,0.06501351,0.14721853
0.5363012,3.1603463,8.312668,-0.074717544,-0.09815732,-0.1068316
-0.34476504,-0.9768343,8.00621,-0.19121827,-0.13531537,-0.17062339
0.6895301,1.8579005,10.611102,-0.24240878,-0.11007792,-0.14271557
-0.30645782,2.0111294,9.883265,-0.2788338,-0.07079055,-0.07382743
-1.3790601,2.96881,4.1371803,-0.15863298,-0.023928463,0.030246556
-0.49799395,5.267244,5.8226986,-0.054367006,0.008831366,0.10604621
-0.8810662,1.5131354,10.496181,0.003403392,0.066985734,0.21006782
-0.076614454,0.47884035,10.764331,0.007452556,0.07452556,0.21617648
1.8387469,3.5434184,8.695741,-0.02883284,0.054192472,0.16427039
0.45968673,3.7732618,6.6654577,0.048014008,0.04691445,0.15296066
1.2641385,7.642292,10.994174,0.2080607,0.022933627,0.15006341
0.49799395,0.63206923,12.641385,0.28349382,-0.019844394,0.10868165
0.7278373,2.5474305,9.423578,0.13028882,-0.06955137,0.014381513
1.6089035,2.27928,7.967903,0.0567232,-0.09819222,-0.048328165
-0.15322891,0.59376204,10.611102,0.056740653,-0.07986627,-0.011955505
1.2258313,2.6623523,10.266336,0.052708942,-0.03630285,0.04448844
0.076614454,4.5394063,8.42759,0.077998765,-0.003176499,0.086079635
0.4213795,5.9184666,7.201759,0.36301103,0.093322754,0.29002136
1.4556746,2.3942018,7.929596,0.5138773,0.1558579,0.42088616
-0.61291564,2.2026656,10.304645,0.4665614,0.15172148,0.3920882
-0.11492168,3.0454245,9.078813,0.30852184,0.10533062,0.26680848
0.9959879,3.8498764,8.810662,0.18455112,0.055466563,0.126676
-0.19153613,2.6240451,9.155427,0.12185889,0.017558012,0.039147735
-0.2681506,1.7429788,7.776367,0.12082914,-0.059096847,-0.06995279
0.7278373,3.6583402,9.844957,0.10965904,-0.061086524,-0.069027774
-0.38307226,2.6240451,8.42759,0.10871656,-0.010070549,0.009564404
0.5363012,5.4204726,11.798626,0.049497537,0.006894051,0.025464354
1.4556746,0.8619126,12.181698,0.01691224,0.013055063,0.030281462
0.38307226,2.1260512,10.189722,-0.05682792,0.008307767,0.007330383
0.61291564,3.122039,7.431602,-0.13477433,-6.63E-04,-0.026843164
-0.34476504,2.815581,8.810662,-0.06476917,0.02703515,0.030560715
0.076614454,3.5051112,8.619126,0.003577925,0.08435176,0.12997466
1.0342951,2.432509,9.80665,0.051382493,0.108053334,0.17135642
1.2641385,-1.6663644,8.772355,0.010157816,0.08407251,0.11936307
0.842759,3.083732,10.304645,-0.23961625,0.04300491,-0.005340708
-1.0726024,1.3599066,9.883265,-0.33534756,0.020437805,-0.06033603
0,2.777274,7.1251445,-0.28274333,0.016388642,-0.04979424
0.34476504,2.3942018,6.7803793,-0.2337694,0.022043508,-0.002391101
0.2681506,2.7389667,7.431602,-0.19006635,0.020315632,0.026441738
1.1875241,5.267244,12.220005,-0.16358972,0.008709193,0.010332349
1.3024458,3.466804,10.342952,-0.14718361,-0.055047683,-0.09459685
0.38307226,2.0494366,7.73806,-0.11205014,-0.12761848,-0.19903734
0.4213795,5.5737014,9.653421,-0.057072267,-0.16151276,-0.2424786
0.45968673,-0.019153614,11.760319,-0.035901424,-0.08396779,-0.12231267
-0.11492168,0.82360536,12.373235,-0.041992623,-0.052674036,-0.076829396
1.4939818,2.5474305,8.772355,-0.052516956,-0.025778513,-0.027803095
0.34476504,4.4244847,7.5465236,-0.06766641,-0.026005406,0.001204277
-0.4213795,3.3901896,7.967903,-0.03520329,-0.012112585,0.0482409
0.61291564,2.8921957,10.113108,-0.017505653,-0.007173303,0.06646214
0.45968673,2.777274,9.5385,0.09546951,-6.63E-04,0.09136798
1.0342951,3.1603463,8.542512,0.24321163,-0.003001966,0.1208466
-0.2681506,3.5051112,6.895301,0.26942647,0.021991149,0.16931438
-0.5746084,4.271256,11.60709,0.23867378,0.02851868,0.16536994
0.11492168,3.0454245,11.492168,0.22553144,0.053302355,0.20008455
-0.38307226,1.6663644,9.959879,0.12625712,0.0935671,0.2319368
0.45968673,6.6079965,11.300632,0.07319911,0.1693493,0.35615188
0.49799395,3.8881836,8.887277,0.10831513,0.26453954,0.5319415
-0.38307226,1.6663644,10.228029,0.11419689,0.3008773,0.59142226
0.38307226,6.6079965,10.955867,0.12604767,0.28890434,0.56047755
0.80445176,0.32561144,10.419566,0.17390461,0.26834437,0.54103464
0.5746084,2.1260512,8.619126,0.2231229,0.23205897,0.51333624
0.9959879,1.0151415,9.461885,0.20001473,0.19786797,0.44889867
-0.11492168,0.7469909,12.143391,0.11730358,0.1482308,0.32217032
0.6895301,2.7389667,8.350976,0.04520403,0.106308006,0.21530381
0.6512229,4.76925,6.3589997,-0.05185373,0.058869954,0.09105383
1.2641385,4.0797195,6.588843,-0.007766715,0.056129787,0.103934355
1.4939818,0.51714754,9.002198,-0.010245083,0.05454154,0.11665781
-0.038307227,1.6280571,8.963891,-0.069272116,0.030839968,0.08328711
-0.15322891,4.232949,11.18571,-0.11632619,-0.007679449,0.026249751
-0.038307227,5.9567738,8.236053,-0.04464552,-0.019233529,0.039287362
-0.038307227,1.7812861,10.036493,0.03396411,-0.021799162,0.07124434
0.8810662,4.1946416,10.649409,0.03700098,-0.04272566,0.017383479
1.0342951,1.6280571,8.887277,0.013718287,-0.0919614,-0.075049154
0.19153613,1.283292,10.955867,-0.028326694,-0.15680037,-0.1907994
0.4213795,8.063671,10.496181,-0.09485865,-0.22341959,-0.31360075
0.19153613,2.0111294,10.0748005,-0.04209734,-0.19497073,-0.25055948
0.19153613,0.095768064,13.330915,-0.047420595,-0.13058554,-0.1585108
0.9576807,1.436521,9.155427,-0.06489134,-0.09967575,-0.11730358
0.7278373,4.9224787,7.5848308,-0.039235003,-0.06414085,-0.050911255
-0.076614454,3.964798,6.435614,0.053354714,-0.007557276,0.07942993
0.34476504,4.156334,8.925584,0.17837265,0.053948127,0.2122844
0.34476504,2.585738,11.224017,0.13802063,0.08389798,0.22917919
1.9919758,2.930503,8.810662,0.13461724,0.07733554,0.21149899
1.1875241,3.8498764,7.73806,0.20811306,0.07435103,0.23158774
0.6895301,2.96881,10.994174,0.19779816,0.060737457,0.21210986
0,2.96881,10.955867,0.036826447,-0.038152896,0.009058259
0.38307226,1.2449849,9.921572,-0.006597345,-0.11573278,-0.11588986
1.2641385,6.5696893,11.760319,-0.03481932,-0.12821189,-0.113394044
0.49799395,0.5554548,8.772355,-0.103882,-0.15011577,-0.16627751
0.7278373,2.5474305,12.181698,-0.052464597,-0.09004153,-0.05864306
0.6895301,6.9144545,10.266336,-0.049759336,-0.07333873,-0.051801372
-0.5363012,4.462792,7.776367,-0.011938052,-0.056653388,-0.030264009
-0.91937345,2.815581,8.963891,0.1330639,0.016022123,0.11819369
0.91937345,0.7086837,10.955867,0.20669934,0.12573352,0.30332077
-0.61291564,-0.78529817,12.334928,0.091106184,0.1383348,0.26565656
1.1875241,1.2449849,9.844957,-0.14873695,0.06611307,0.06239552
1.1492168,2.8538885,8.504205,-0.29951596,-6.11E-04,-0.08447394
-0.4213795,0.78529817,8.542512,-0.49576077,-0.0498117,-0.21357594
0.5746084,3.3135753,10.381259,-0.40425315,-0.03234095,-0.14348352
0.038307227,1.6663644,10.91756,-0.35154423,-0.009930924,-0.09136798
0.076614454,1.3982137,7.5848308,-0.3107384,0.073967054,0.025150195
0.6895301,5.1906295,6.895301,-0.2107136,0.12226032,0.10868165
0.038307227,4.999093,7.5465236,-0.10337585,0.13379695,0.1548107
-0.45968673,2.5091233,10.381259,0.007941248,0.1850049,0.2688156
0.45968673,-2.8538885,11.798626,-0.023561945,0.28480282,0.39112827
1.4556746,3.3518825,8.963891,-0.048328165,0.24366541,0.32211795
0.5363012,3.083732,7.8529816,-0.065083325,0.20676915,0.2705435
0.9576807,1.6663644,6.5505357,-0.33147293,0.12685053,0.05403539
0.4213795,2.815581,9.576807,-0.4767367,0.07936012,-0.04150393
0.19153613,2.8538885,9.691729,-0.3488215,0.06421066,8.20E-04
-0.7661445,1.6280571,10.189722,-0.24403194,0.04309218,0.012042772
0.7278373,2.6240451,8.197746,-0.06583382,0.06901032,0.12596041
0.19153613,4.4244847,6.7803793,0.1413193,0.103009336,0.26385888
-1.8387469,-0.21068975,8.695741,0.23458971,0.11707669,0.32224014
0.49799395,0.7469909,13.062764,0.12391838,0.113900185,0.25481808
1.2258313,-0.32561144,11.18571,0.048834313,0.10609856,0.20371483
0.038307227,5.995081,8.6574335,-0.012304571,0.07012733,0.12133529
0.038307227,2.5474305,6.244078,-0.017889624,0.05003859,0.097337015
-0.7278373,3.122039,8.0445175,-0.066305056,0.031834807,0.04951499
1.2258313,-0.59376204,11.722012,-0.20162043,-0.005654867,-0.082362086
1.340753,2.0494366,13.024457,-0.1675516,-0.02745403,-0.101700336
1.1875241,4.3478703,9.002198,-0.09079203,-0.061714843,-0.12320279
0.2681506,5.4204726,6.397307,-0.011309734,-0.08801696,-0.1346347
-0.11492168,2.7006595,8.236053,0.25094345,-0.032742377,0.05445427
0.038307227,4.807557,7.776367,0.4254938,0.030072022,0.22031291
1.1875241,4.1180267,7.1251445,0.47102946,0.047193702,0.2604904
0.8810662,2.96881,10.534488,0.54740506,0.07138397,0.35081118
1.340753,1.2066777,10.802638,0.40530035,-0.05279621,0.098837994
0.8810662,1.3599066,9.959879,0.25982717,-0.17299703,-0.1535017
-0.038307227,1.934515,8.772355,0.10264281,-0.2964616,-0.40212387
0.61291564,4.0797195,7.5848308,0.077422805,-0.33110642,-0.47289696
0.22984336,1.283292,9.040505,0.13158037,-0.2695661,-0.37179002
1.4173675,4.309563,16.548721,0.16210619,-0.20907299,-0.27358037
0.6512229,3.5817258,9.959879,0.09101892,-0.2014808,-0.29874802
-0.5363012,6.1100025,6.4739213,0.07169812,-0.17283995,-0.25799456
-0.30645782,3.3518825,7.699753,0.22629939,-0.12817699,-0.1288053
0.30645782,0.36391866,11.147403,0.31274554,-0.07056366,-0.013857914
1.5705963,1.0534488,11.18571,0.1966637,-0.067282446,-0.053983033
0.80445176,3.6583402,9.232041,0.12276646,-0.037315138,-0.04033456
0.6895301,5.0374002,5.056554,0.055065136,-0.060458206,-0.09208357
-0.5363012,1.436521,9.998186,-0.10225884,-0.09723229,-0.20420352
0.49799395,-0.93852705,11.530476,-0.3838677,-0.12123057,-0.34047884
2.2984335,2.432509,10.840945,-0.52895695,-0.11086331,-0.37355283
1.0342951,5.803545,6.3206925,-0.3893655,-0.09854129,-0.31388003
0.30645782,7.067683,5.4779334,-0.026947884,-0.039025564,-0.12096877
-1.2258313,2.1643584,7.5082164,0.14374532,0.023195425,0.021938788
0.038307227,1.3982137,11.9135475,0.1616524,0.05370378,0.088278756
0.8810662,0.90021986,10.879252,0.08354891,0.105400436,0.14037684
0.91937345,4.1180267,10.534488,0.07456046,0.14784685,0.19633208
1.2258313,1.7429788,11.33894,0.05162684,0.14039429,0.17373008
-0.6895301,3.4284968,6.8186865,-0.073809974,0.06469935,0.002164208
-0.38307226,4.0414124,4.903325,-0.14861478,0.042394046,-0.044436082
0.4213795,5.535394,2.719813,0.06628761,0.07028441,0.08784242
0.4213795,0.59376204,12.411542,0.17318901,0.10328858,0.17469001
1.1492168,0.32561144,12.794614,0.131528,0.107320294,0.15337953
1.7238252,3.8498764,7.1251445,0.0347146,0.059969515,0.026825711
0.038307227,5.0374002,6.8186865,0.006108652,0.01891937,-0.052342422
-0.5746084,5.2289367,5.0182467,0.18367845,0.04017748,0.04426155
-1.7238252,1.5514427,12.832921,0.3998724,0.29063222,0.49612728
0.6895301,0.17238252,14.211981,0.3104068,0.3259577,0.5222549
0.7278373,0.7469909,10.151415,-0.47160542,0.21429153,-0.001937316
0.91937345,5.267244,9.730036,-0.39203584,0.12566371,-0.07145378
0.6512229,5.6886234,9.80665,-0.26024604,0.07740535,-0.07440338
-1.1875241,2.5091233,7.240066,-0.14601424,-0.007278023,-0.13898057
-0.5363012,3.3135753,4.9799395,0.14613642,0.050771628,0.07497934
0.2681506,1.3982137,11.147403,0.1918815,0.092415184,0.16135569
0.5363012,1.4748282,10.6877165,0.114807755,0.06422812,0.09047787
0.38307226,4.4244847,9.844957,0.06555457,0.026546458,0.02115339
-0.30645782,0.8619126,7.8146744,-0.28169614,-0.071593404,-0.25874507
0,3.0454245,9.921572,-0.3117507,-0.07984881,-0.27354544
0.9959879,1.7812861,8.925584,-0.2049191,-0.05422738,-0.18633135
-1.4939818,2.1260512,9.844957,-0.11826351,-0.009128072,-0.07524114
-0.34476504,3.466804,7.776367,-0.07716101,0.08332202,0.08775515
1.1109096,2.8921957,11.262324,-0.14777702,0.15622441,0.16905259
0.49799395,-0.36391866,16.01242,-0.2856406,0.005881759,-0.08045968
0.5746084,2.5474305,7.469909,-0.27612853,-0.04872959,-0.16933185
0.6512229,4.4244847,6.703765,-0.09218829,-0.07501425,-0.13262758
0.7661445,1.3215994,2.6431987,-0.012182398,-0.06921976,-0.09637708
0.38307226,3.3135753,8.580819,0.040194932,-0.019966567,0.003246313
0.7661445,1.3215994,11.645397,-0.022305308,-0.015498524,-0.012426744
1.4939818,2.777274,10.91756,-0.23579398,-0.14104006,-0.2605253
0.842759,5.497087,8.274361,-0.19343483,-0.15130259,-0.24216443
-0.5746084,3.964798,6.2823853,-0.08599237,-0.14627604,-0.20245819
-1.2258313,4.1946416,4.6351743,0.043406337,-0.018570304,0.03164282
-0.038307227,2.1643584,10.457873,0.20830505,0.05211553,0.18788469
0.15322891,-0.2873042,13.40753,0.14697418,0.042394046,0.14275047
0.842759,1.283292,10.611102,0.06679375,0.00577704,0.05253441
-0.34476504,1.2066777,8.6574335,0.00561996,-0.010576695,-0.001047198
-0.61291564,6.4164605,6.0525417,-0.018587757,-0.06764896,-0.08709193
-0.22984336,3.620033,6.090849,0.028710665,-0.103934355,-0.11807153
0.22984336,-0.63206923,11.33894,0.10636036,-0.013927727,0.03954916
1.3024458,1.2449849,13.599066,0.16137314,0.034801867,0.15655604
1.4556746,2.1260512,9.883265,0.038920842,0.022671826,0.10758209
-0.15322891,3.5817258,7.699753,-0.014276793,0.007923795,0.05703736
