0.076614454,2.087744,7.2783732,-0.047106437,0.024888394,-0.088121675
0.49799395,3.1986535,10.572795,0.001012291,0.041329395,0.029513517
0.9959879,1.3599066,11.645397,-0.01691224,0.017243853,-0.008674286
1.5705963,3.083732,11.568783,-0.01691224,-0.005148721,-8.20E-04
0.6512229,2.5474305,10.994174,3.14E-04,-0.010297443,0.040474184
1.2258313,3.6583402,11.836933,0.010245083,-0.019704767,0.06724753
-0.15322891,2.585738,7.699753,-0.06536258,-0.0540703,-0.0922232
1.6472107,4.156334,8.312668,-0.06873106,-0.05948082,-0.09073967
0.19153613,4.1946416,7.393295,6.81E-04,-0.018535396,0.043441243
0.076614454,3.2752678,9.653421,0.09712757,0.06346017,0.203837
0.076614454,1.5514427,9.653421,0.14416419,0.09040806,0.3051708
1.2258313,1.6663644,10.955867,0.07588691,0.05178392,0.18868755
0.9959879,1.6280571,8.082825,0.047368236,0.02719223,0.17428859
0.2681506,3.083732,8.925584,0.040701076,-0.023788838,0.23394394
-0.22984336,1.7812861,9.155427,0.028710665,-0.019617502,0.16310102
0.22984336,2.3558946,10.611102,0.007539822,-0.005916666,0.06480408
-0.19153613,1.3215994,10.036493,-0.013857914,-0.013578662,0.007382743
0.30645782,4.6926355,9.5385,-0.021554817,-0.006248279,-0.029094638
0.45968673,3.7349546,9.002198,0.008150687,0.020385446,0.017907077
0.6895301,1.0151415,8.312668,0.045256387,0.05550147,0.06501351
0.45968673,1.0534488,9.768343,0.06798057,0.06497861,0.09293878
0.91937345,2.6623523,8.695741,0.091996305,0.06925467,0.16151276
0.4213795,4.0414124,7.5082164,0.10665707,0.07564257,0.21671753
0.076614454,2.3558946,10.113108,0.07194247,0.05190609,0.15118042
0,1.091756,9.193734,-0.08998918,-0.038083084,-0.18113028
1.0726024,0.47884035,8.848969,-0.2529331,-0.13353515,-0.5073497
0.7661445,3.620033,7.5848308,-0.30216885,-0.16905259,-0.6006027
-0.22984336,1.6663644,6.3589997,-0.2022313,-0.11468559,-0.4065919
-0.8810662,2.1643584,7.2783732,-0.14126694,-0.08559094,-0.31817353
0.842759,1.283292,9.576807,-0.09672615,-0.052098077,-0.24712117
1.1492168,2.3175871,8.274361,-0.06305875,-0.02401573,-0.17959438
-1.0342951,2.2409728,7.8912888,-0.054297194,-0.026441738,-0.12946853
0.11492168,3.8498764,6.397307,-0.031503193,-0.01712168,-0.07984881
0.49799395,2.3175871,9.461885,-0.015777776,-0.01558579,-0.06990044
0.30645782,3.2369606,9.500193,-0.021345377,-0.023649212,-0.099309236
0.80445176,3.6583402,10.304645,-0.021031218,-0.030229103,-0.10976376
-0.038307227,5.5737014,8.236053,0.032428216,-0.002338741,-0.0082205
-0.38307226,2.6623523,9.078813,0.16615534,0.08274606,0.2630211
0.9576807,1.5131354,9.80665,0.1958434,0.11218976,0.32384583
-0.15322891,1.2066777,9.346964,0.08487536,0.07960447,0.06815511
0.6895301,4.156334,9.921572,0.07492699,0.06885324,0.06921976
-0.38307226,2.4708161,8.197746,0.09260717,0.08838347,0.092327915
0.30645782,2.815581,13.982138,0.12035791,0.120480075,0.12791517
-0.6512229,0.019153614,9.615114,0.09393362,0.11203268,0.058677968
0.2681506,2.96881,9.576807,0.04829326,0.070092425,-0.019757127
-0.7661445,3.964798,7.73806,0.05454154,0.06332055,-0.025254915
0.076614454,3.8881836,9.768343,0.13692108,0.1197994,0.14299482
0.15322891,3.466804,9.270349,0.23417082,0.18849556,0.32944834
0.4213795,1.3215994,9.078813,0.21485002,0.17404424,0.32705724
-0.6895301,4.003105,7.6231384,0.18020524,0.15210545,0.27586675
0.22984336,1.5514427,7.240066,0.15383331,0.15123278,0.20123646
0.91937345,1.5514427,10.457873,0.10669198,0.13575171,0.06944665
1.0726024,0.9768343,9.653421,-0.10150835,-0.004852016,-0.3371278
0.15322891,3.083732,10.036493,-0.3212802,-0.1563815,-0.7748389
-0.19153613,3.3135753,10.534488,-0.24469516,-0.12189379,-0.5953143
-0.30645782,4.003105,11.147403,-0.14041173,-0.07176794,-0.36452946
0.9576807,1.5131354,8.619126,-0.14173819,-0.0888198,-0.41193262
0.38307226,2.3175871,8.0445175,-0.13638003,-0.11410963,-0.4466472
0.9959879,2.432509,9.5385,-0.1070934,-0.13535029,-0.37596136
0.19153613,2.3175871,9.193734,-0.013072516,-0.11978195,-0.11524409
0.9576807,3.122039,10.304645,0.050230574,-0.11007792,0.07093018
-0.076614454,1.283292,7.0102224,0.03309144,-0.13912019,0.07401941
1.1492168,4.9224787,8.42759,0.006771877,-0.16680111,0.026686084
0.6512229,2.8538885,8.772355,2.62E-04,-0.18519689,-0.01308997
1.4173675,2.7389667,10.649409,-0.009843657,-0.20366247,-0.0707731
1.4556746,0.6703765,12.066776,-0.112242125,-0.286042,-0.29016098
0.4213795,3.0454245,9.002198,-0.17650515,-0.35582027,-0.4194899
-0.49799395,2.3175871,8.42759,-0.14563027,-0.3325725,-0.38535124
-0.49799395,2.0111294,8.389283,-0.07431612,-0.24797638,-0.2709973
1.0342951,1.8579005,9.385271,0.02904228,-0.15166911,-0.07564257
0.5363012,2.5091233,9.768343,0.03190462,-0.13226105,-0.10295697
0.61291564,1.8579005,11.530476,0.002844887,-0.14044665,-0.18990928
-0.4213795,0.9768343,7.929596,-0.019530235,-0.13386676,-0.22917919
0.038307227,1.2449849,10.726024,-0.12409291,-0.18957767,-0.4947834
0.30645782,2.930503,9.5385,-0.14938273,-0.19050269,-0.56911695
0.49799395,4.999093,8.00621,-0.14910348,-0.17540559,-0.58002526
0.4213795,2.777274,7.73806,-0.07227408,-0.103026785,-0.42421973
0.6512229,2.930503,12.181698,-0.04740314,-0.08937831,-0.36456436
0.80445176,-0.24899697,11.60709,-0.06049311,-0.09608038,-0.40055305
0.19153613,4.462792,9.308656,-0.12102113,-0.12449434,-0.51940995
0.19153613,3.8498764,8.42759,-0.2542072,-0.19648917,-0.8328013
0.076614454,4.5394063,8.159439,-0.14053391,-0.10857693,-0.5818928
0.34476504,3.8115692,6.895301,-0.042341687,-0.013578662,-0.37662458
0.91937345,4.6160207,7.1634517,0.004066617,0.018535396,-0.2962871
0.45968673,1.5897499,11.109096,0.054524086,0.023928463,-0.17938495
0.6895301,2.2026656,10.342952,0.1044056,0.036878806,-0.08964011
0.8810662,2.777274,8.619126,0.09128072,0.023684118,-0.09449212
0.7278373,2.4708161,12.449849,0.11028735,0.030578168,-0.035709437
-0.6512229,5.0757074,10.764331,0.18846065,0.08052949,0.1590344
0.49799395,2.585738,8.695741,0.2967758,0.15533431,0.4151964
0.7278373,3.2752678,9.461885,0.27029914,0.13995795,0.37025416
0.80445176,1.6280571,10.151415,0.23497367,0.11341149,0.2908242
0.49799395,2.3175871,10.457873,0.15933111,0.058468528,0.14447835
1.2258313,2.2409728,11.18571,0.088435836,0.014224433,-0.003508112
0.15322891,3.7732618,5.094861,0.10119419,0.02412045,0.034103733
0.038307227,1.934515,7.431602,0.22933626,0.1081057,0.3170914
0,2.96881,9.078813,0.32712707,0.18336429,0.5441413
1.8770541,1.8579005,10.189722,0.21184807,0.10807078,0.31651545
1.1875241,-0.82360536,7.201759,0.121876344,0.04881686,0.15200073
0.61291564,3.0454245,9.232041,-0.090687305,-0.08955284,-0.25665066
-0.9959879,2.8921957,8.963891,-0.1900489,-0.13184217,-0.4211305
0.9959879,5.0757074,10.189722,-0.15681784,-0.08049458,-0.2894803
-0.15322891,3.3901896,8.504205,-0.11397,-0.003595378,-0.20621064
0.2681506,3.4284968,8.848969,-0.07995354,0.042167153,-0.15793484
-0.6512229,3.3518825,11.33894,-0.04712389,0.069935344,-0.10054842
-0.49799395,2.815581,9.232041,-0.030839968,0.06352998,-0.049410272
-0.30645782,3.3518825,7.967903,-0.01314233,0.09721484,-0.006544985
-0.4213795,2.3558946,9.998186,-0.010245083,0.14009757,0.007557276
1.1109096,1.5897499,8.734048,-0.014974925,0.174882,-0.00132645
0.842759,2.0111294,9.308656,-0.032847095,0.17585938,0.023369959
0.38307226,2.7389667,9.270349,-0.112573735,0.1081057,-0.11417944
1.2258313,2.5091233,7.201759,-0.19615756,0.03090978,-0.25788984
0.30645782,2.5474305,1.9153614,-0.1558928,0.039636426,-0.13060299
0.5363012,3.6583402,9.730036,-0.090425506,0.08094837,0.03303908
-0.6895301,1.3215994,10.6877165,-0.014294246,0.12981759,0.19929914
0.38307226,1.8962077,9.423578,0.04939282,0.17388715,0.3570769
1.4939818,1.4748282,12.143391,0.06934193,0.18462093,0.44395941
0.80445176,4.1946416,9.80665,0.03359759,0.13449506,0.3840946
0.11492168,2.4708161,8.42759,0.030927233,0.11278318,0.40968114
0.7661445,2.4708161,9.653421,0.02628466,0.06159267,0.45828855
0.38307226,0.36391866,10.457873,-0.046024334,-0.014154621,0.32119295
0.30645782,2.1260512,9.844957,-0.15699236,-0.07860963,0.104335785
-0.45968673,2.5474305,7.967903,-0.23708552,-0.1285435,-0.071314156
0.80445176,2.8538885,10.955867,-0.21039943,-0.13391912,-0.027890362
0.7278373,3.8881836,8.619126,-0.11171853,-0.10629055,0.19149752
0.842759,2.8921957,11.645397,-0.042900193,-0.06941175,0.3474427
0,3.466804,12.181698,0.036442474,-0.015760323,0.50260246
0.2681506,0.90021986,10.534488,0.06635742,0.030647982,0.522953
-0.45968673,1.8962077,9.270349,-0.030874874,-0.001239184,0.23942427
0.5363012,2.3175871,9.959879,-0.12489576,-0.04462807,-0.014398966
-0.61291564,0.17238252,3.9456444,-0.09293878,-0.026476644,0.047211155
0.8810662,4.232949,6.129156,-0.06440265,-0.015812684,0.061435588
0.4213795,2.2026656,8.236053,0.017505653,0.066881016,0.18161896
1.340753,1.4748282,9.385271,0.10276499,0.1285435,0.325085
0.6512229,1.7429788,12.334928,0.018901916,0.08941322,0.0789587
0.19153613,2.6240451,8.695741,-0.030124383,0.049340457,-0.025062928
-0.30645782,2.5091233,9.270349,-0.047420595,0.03509857,-0.07278023
-0.4213795,2.585738,6.2823853,-0.022689281,0.047839474,-0.031625368
0.4213795,2.5091233,7.929596,0.035430185,0.07325147,0.105243355
0.91937345,1.091756,9.844957,0.041277036,0.0675966,0.11704178
0.7661445,2.27928,9.959879,-0.005305801,0.034801867,0.01891937
0.842759,2.5474305,9.461885,-0.046582837,0.001727876,-0.0667763
0.45968673,3.7732618,9.691729,-0.10505137,-0.04452335,-0.20053834
-0.5746084,3.5434184,7.0485296,0.007173303,0.020228365,0.074455746
1.3024458,0.90021986,9.844957,0.07197738,0.04935791,0.22753857
1.3790601,2.3942018,12.411542,0.052604225,0.022078415,0.19310322
0.15322891,1.436521,11.262324,0.028326694,-0.022706734,0.17601645
0.7278373,2.8538885,8.542512,-0.02321288,-0.072396256,0.081541784
0.22984336,3.3901896,10.0748005,-0.14048155,-0.1505521,-0.15968017
1.2641385,3.0071173,9.5385,-0.1319818,-0.14995869,-0.075049154
0.30645782,1.7429788,10.151415,-0.04441863,-0.09187413,0.16180947
0.7278373,3.466804,14.709975,0.009983284,-0.04181809,0.27970648
0.80445176,3.5051112,8.772355,0.06075491,-0.008360127,0.41310197
0.4213795,2.1643584,8.197746,0.04225442,-0.020682152,0.35404003
0.49799395,3.6583402,8.925584,0.011466813,-0.039723694,0.28605947
0.61291564,2.2409728,8.695741,0.0286234,0.001623156,0.2793574
-0.19153613,2.2409728,9.461885,0.08346164,0.04790929,0.36356953
0.19153613,3.1986535,9.078813,0.15933111,0.11889183,0.46104616
-0.038307227,0.1340753,6.4739213,0.073635444,0.09452703,0.17097245
0.61291564,3.0071173,7.929596,0.015899949,0.04511676,0.029251719
0.8810662,1.934515,7.8912888,-0.04569272,-0.006370452,-0.092746794
0.61291564,1.4748282,9.883265,-0.09426523,-0.039636426,-0.17828538
0.49799395,0.5554548,9.768343,-0.1113171,-0.06297148,-0.20943952
0.5746084,2.4708161,10.611102,-0.12777555,-0.0898321,-0.2508911
0.38307226,2.2026656,9.232041,-0.14151129,-0.1110553,-0.29551914
-0.15322891,0.90021986,5.707777,-0.19617501,-0.14418165,-0.4747819
0.9576807,3.5817258,8.159439,-0.15655604,-0.11978195,-0.40217623
-0.7661445,1.9728222,8.619126,-0.07213446,-0.080546945,-0.24242623
-0.076614454,4.8458643,11.722012,-0.036494836,-0.017767452,-0.25415483
1.2641385,1.5897499,9.576807,-0.041469023,0.013561208,-0.29836404
0.49799395,2.2409728,9.040505,-0.030735249,0.020350538,-0.29581586
-0.11492168,3.3135753,9.461885,-0.05942846,-0.010716322,-0.37802085
-0.22984336,2.4708161,12.181698,-0.073391095,-0.033841934,-0.39481091
-0.11492168,4.8841715,10.419566,-0.021607175,-0.007278023,-0.24261822
0.38307226,2.3942018,9.002198,0.045518186,0.03139847,-0.0522028
0.30645782,2.0494366,8.619126,0.14165092,0.08110545,0.17879152
-0.19153613,4.3861775,8.389283,0.20722294,0.11250392,0.32182127
0.5746084,1.3215994,10.496181,0.18275343,0.09594075,0.26935667
-0.6512229,0.47884035,7.6614456,0.17446311,0.094719015,0.24825563
-0.2681506,1.283292,8.389283,0.09946632,0.06517059,0.059672806
0.842759,3.2369606,6.703765,0.09616764,0.0850848,0.040544
0.7661445,1.9728222,10.611102,0.083339475,0.07508406,-0.001989676
-0.38307226,-1.0151415,8.00621,0.059306286,0.045884706,-0.08597492
1.0342951,4.5394063,7.086837,0.038728856,0.03567453,-0.09389871
0.34476504,4.6926355,4.7884035,0.023317598,0.016999507,-0.1128879
-0.34476504,6.83784,8.772355,0.08670796,0.044436082,0.04553564
0.49799395,-1.5897499,14.020445,0.0800757,0.038292523,0.045134213
1.1109096,0.51714754,12.411542,-0.008744099,-0.024399703,-0.15816173
0.7278373,4.3478703,7.6614456,-0.10908308,-0.094911,-0.39315286
0.61291564,4.76925,11.530476,-0.08257153,-0.09080948,-0.3196396
-0.5746084,1.7046716,10.611102,-0.055431657,-0.08953539,-0.21593213
0.2681506,1.2066777,11.530476,-0.09562659,-0.09695304,-0.31614894
-0.5363012,0.2873042,5.8226986,-0.16421802,-0.11938052,-0.50455725
1.7238252,4.8458643,7.1251445,-0.18898425,-0.13046336,-0.57094955
-0.34476504,2.1260512,8.465898,-0.110269904,-0.09698795,-0.41161844
-0.7661445,3.2752678,9.232041,-0.06462954,-0.07702138,-0.32175145
0.15322891,2.7006595,8.580819,0.026319565,-0.022863813,-0.10686651
0.6512229,2.1643584,8.0445175,0.21832323,0.10850712,0.38756782
0.5746084,2.1260512,10.304645,0.30026644,0.16521287,0.5782625
0.7278373,2.3175871,14.441825,0.33461452,0.18973474,0.65989155
0.11492168,3.122039,10.228029,0.050858893,0.01282817,0.028605945
-0.22984336,3.1603463,7.201759,-0.07538077,-0.054733526,-0.25919884
0.6512229,3.466804,3.4476504,-0.025411993,-0.031206487,-0.13423327
0.2681506,2.087744,6.703765,0.14456563,0.077754416,0.25439918
0.6895301,1.6280571,10.91756,0.16147786,0.0752935,0.30974358
0,2.777274,14.5567465,0.060231313,0.003979351,0.0927817
0.30645782,2.6623523,10.0748005,-0.048921578,-0.062273346,-0.14966199
-0.49799395,4.156334,7.6231384,0.008115781,-0.026337018,-0.022916174
0.2681506,4.3478703,6.742072,0.11121238,0.042690754,0.20277235
1.2641385,2.585738,11.722012,0.1327672,0.05534439,0.23630013
0.15322891,1.0534488,10.304645,0.113568574,0.04808382,0.19139281
0.7661445,0.1340753,9.844957,9.77E-04,-0.019093903,-0.045238934
0.076614454,2.7006595,4.9416323,-0.03796091,-0.042114794,-0.115226634
-0.80445176,3.9264908,8.389283,-0.10225884,-0.083269656,-0.26270697
0.11492168,2.0111294,8.121132,-0.079796456,-0.06595599,-0.21348867
1.0726024,1.1683705,8.312668,-0.090757124,-0.08370599,-0.274645
-0.30645782,1.6280571,8.542512,-0.073705256,-0.076689765,-0.26279423
1.1109096,3.0071173,9.500193,-0.062290803,-0.071488686,-0.23499113
0.5363012,4.003105,9.002198,-0.108123146,-0.09515535,-0.3405661
-0.15322891,3.3518825,11.9135475,-0.08709193,-0.084177226,-0.28108528
0.6895301,3.3901896,9.5385,-0.10295697,-0.081437066,-0.32644638
-0.19153613,1.2449849,9.921572,-0.01870993,-0.022863813,-0.14960963
0.45968673,0.47884035,6.5505357,0.07183775,0.02825688,0.016214108
0.842759,4.232949,8.350976,0.059027035,0.012636184,-0.005794493
0.15322891,2.5474305,8.542512,0.04139921,-0.010419616,-0.03588397
0.38307226,5.1523223,11.530476,0.012496557,-0.03052581,-0.07456046
0.6895301,1.8579005,12.794614,0.02321288,-0.016196655,-0.039461896
0.5363012,2.1260512,10.189722,0.014713125,-0.013508848,-0.060021874
-0.34476504,4.271256,9.308656,0.043022364,0.0145735,0.006911504
0.38307226,3.2752678,3.4476504,0.15796974,0.08438667,0.25298548
1.685518,3.8498764,9.423578,0.23240805,0.13046336,0.41397464
0.6512229,2.815581,11.032481,0.21113248,0.11426671,0.38505453
1.0342951,1.2449849,11.60709,0.1945693,0.09950122,0.38971457
-0.45968673,3.0071173,7.5082164,0.13526301,0.05581563,0.28550094
0.038307227,1.3215994,7.3166804,0.112818085,0.053721234,0.23853415
0.038307227,2.3942018,11.453861,0.075694926,0.035709437,0.16702801
0.076614454,1.3215994,10.534488,-0.07827802,-0.051923543,-0.14186037
1.7238252,3.3135753,10.304645,-0.08539896,-0.049323004,-0.1378112
-0.22984336,2.3942018,7.5082164,-0.04373795,-0.016406095,-0.04173082
0.076614454,2.1643584,8.695741,-0.027541295,0.001727876,0.010314896
0.842759,1.6280571,10.266336,-0.036390115,0.022200588,0.036617007
0.6512229,3.9264908,9.423578,-0.08290314,0.006335545,-0.051347587
0.22984336,4.1180267,12.181698,-0.040997785,0.03302163,0.073984504
-0.15322891,4.1946416,8.619126,0.026808258,0.06991789,0.22439697
0.34476504,2.0494366,7.6231384,0.06777114,0.09201376,0.32112312
-0.842759,0.78529817,7.3549876,0.018011797,0.056740653,0.2516241
0.34476504,2.585738,12.028469,-0.019408062,0.030543262,0.21361084
0.5746084,2.3175871,9.423578,-0.08543386,0.001815143,0.09613273
1.3024458,2.815581,8.236053,-0.051591933,0.021380283,0.14137167
-0.038307227,1.3215994,10.189722,-0.10698868,-0.003176499,0.049340457
0.2681506,1.3215994,9.002198,-0.12580334,-0.006038839,0.027436575
0.2681506,4.271256,9.270349,-0.12131783,-0.004886922,0.031363565
1.340753,4.4244847,11.9135475,-0.038711403,0.025377087,0.2191959
0.5363012,5.1140146,8.6574335,0.045675267,0.06768387,0.40626028
-0.076614454,2.3942018,7.5848308,0.15587536,0.12128293,0.64873886
-0.49799395,1.6280571,12.220005,0.13072516,0.1174083,0.5833588
0.6512229,3.4284968,11.415554,0.017697638,0.05771804,0.3509857
0,3.1603463,8.963891,0.01743584,0.06867871,0.35967746
0.22984336,0.5554548,3.4093432,0.05623451,0.084264494,0.40329322
-0.11492168,2.8538885,8.619126,0.041119955,0.074735,0.3425034
0.7278373,0.7086837,11.109096,-0.005550147,0.04925319,0.24268803
1.685518,1.283292,10.228029,-0.14316936,-0.022287855,-0.027366763
1.2641385,3.8498764,10.036493,-0.10145599,-5.41E-04,0.042184606
-0.8810662,2.4708161,9.308656,-0.052342422,0.023335053,0.15912166
0.61291564,3.4284968,9.270349,-0.044750243,0.03822271,0.17980382
-0.5363012,1.7429788,6.7803793,0.01802925,0.07714355,0.24736552
0.49799395,4.807557,8.734048,0.09950122,0.14465289,0.33808774
0.7661445,1.7046716,10.0748005,0.15617207,0.19725712,0.41198498
0.076614454,0.90021986,8.350976,0.07494444,0.18065903,0.21050416
-0.45968673,2.1643584,8.274361,0.055100046,0.18120009,0.14981906
0.038307227,2.3558946,8.925584,-0.042551126,0.11489502,-0.0225322
0.61291564,2.3942018,9.653421,-0.107634455,0.059079394,-0.14456563
-0.30645782,2.1643584,9.040505,-0.101229094,0.036320303,-0.13740978
-0.2681506,1.8579005,10.113108,-0.11606439,0.003700098,-0.18010053
-0.11492168,2.2026656,10.0748005,-0.16435766,-0.035709437,-0.29211575
-0.34476504,3.2752678,8.350976,-0.20924753,-0.0755553,-0.37926003
1.532289,3.5817258,7.8912888,-0.15938346,-0.06585127,-0.2669481
0.15322891,3.466804,6.205771,-0.09279916,-0.035918877,-0.14330898
0,0.9768343,7.6614456,-0.028396508,0.00577704,-0.032986723
0.30645782,1.0151415,10.611102,0.005654867,0.017715093,0.02628466
1.1109096,3.6966474,9.193734,-9.08E-04,0.00296706,-0.003787365
1.9153614,1.3215994,8.389283,-0.11398745,-0.07189011,-0.23661429
0.2681506,3.0454245,10.189722,-0.23638739,-0.16613789,-0.45448375
-0.038307227,1.1300632,12.641385,-0.31660274,-0.24066345,-0.61863196
1.6089035,3.8498764,9.576807,-0.3130248,-0.27824038,-0.57272977
0.38307226,3.7349546,7.5848308,-0.24743533,-0.2757795,-0.41116467
-0.15322891,2.8921957,7.5082164,-0.115785144,-0.20102702,-0.1375494
1.2258313,1.8195933,9.11712,0.002495821,-0.13074261,0.095609136
0.2681506,2.585738,9.040505,0.088121675,-0.08047713,0.29377383
0.34476504,1.7812861,8.504205,0.121213116,-0.051958453,0.37013197
1.1875241,2.6240451,11.9135475,0.075049154,-0.06387905,0.2682571
1.0726024,1.7812861,13.101071,0.054471727,-0.071488686,0.21704915
-1.1875241,2.27928,10.228029,-0.027925268,-0.09103637,0.00403171
0.22984336,4.6160207,7.8146744,-0.09129817,-0.09847148,-0.18336429
0.2681506,4.3478703,8.00621,-0.10578441,-0.09302605,-0.26745427
-0.19153613,3.3518825,8.504205,0.060301125,-0.012007865,0.07192502
0.5746084,0.78529817,14.058752,0.14510667,0.043860123,0.25804693
-0.45968673,1.8962077,12.832921,0.09934414,0.0551175,0.14437364
-0.076614454,4.654328,9.615114,0.10346312,0.09639453,0.12159709
-0.45968673,2.7006595,6.5122285,0.18079865,0.17167059,0.25001842
-0.842759,2.815581,8.082825,0.19710003,0.21172589,0.23687609
-0.80445176,-0.90021986,7.393295,0.13730505,0.21294762,0.034854226
0.7661445,1.2066777,9.653421,0.06857399,0.17657496,-0.12315043
0.6512229,4.0414124,7.469909,-0.09902998,0.06223844,-0.41919318
0.19153613,3.1986535,8.082825,-0.043161992,0.066305056,-0.2793225
0.8810662,2.2026656,8.42759,0.001343904,0.07147123,-0.16538739
1.340753,1.8962077,11.262324,-6.98E-05,0.054157566,-0.1388933
0.4213795,2.96881,12.373235,0.0559378,0.07108726,0.005846853
0.5746084,3.8881836,7.0102224,0.14686945,0.10847221,0.21539108
0,4.3861775,5.746084,0.22567107,0.12740904,0.41430625
0.9576807,0.095768064,10.304645,0.15252432,0.0598997,0.31337386
0.8810662,1.5514427,13.828909,0.028483773,-0.031241393,0.10241592
-0.4213795,1.3982137,10.0748005,-0.066985734,-0.11355112,-0.04691445
0,6.301539,10.0748005,-0.016231561,-0.08700466,0.05836381
-0.2681506,5.267244,8.42759,0.030979594,-0.048136182,0.12150982
0.038307227,2.96881,9.002198,0.11657054,0.015306537,0.2844014
0.7278373,2.5474305,12.947843,0.08939576,-0.001553343,0.23394394
1.1109096,0.40222588,9.308656,0.065397486,-0.031468287,0.22547908
0.34476504,2.4708161,9.691729,0.073967054,-0.02687807,0.250734
0.45968673,3.7349546,7.929596,0.10412634,-0.008080875,0.29967302
-0.91937345,2.930503,4.098873,0.12241739,0.01993166,0.29749137
-0.6512229,2.4708161,9.730036,0.12246975,0.052621678,0.25476572
0.34476504,1.436521,12.488156,0.089203775,0.089273594,0.08808677
0.6895301,-0.095768064,6.167464,0.05469862,0.12023573,-0.07197738
0.8810662,4.7309427,7.1634517,-0.018081611,0.06232571,-0.1886701
-1.1492168,1.436521,9.078813,-0.13576916,0.009285152,-0.43146285
0.15322891,-0.7469909,8.236053,-0.26061258,-0.035377823,-0.6964038
0.7278373,1.6663644,10.457873,-0.23019147,-0.008726646,-0.6589316
-0.11492168,2.815581,8.42759,-0.11185815,0.066636674,-0.4356691
0.5363012,3.8498764,6.090849,-0.04277802,0.08388052,-0.2737898
-0.5746084,1.5131354,7.1251445,-0.005253441,0.07590437,-0.17076302
-0.076614454,0.6703765,12.066776,-0.1092227,-4.71E-04,-0.3557679
0.5363012,2.5091233,8.580819,-0.22406536,-0.06880088,-0.579554
-0.2681506,1.436521,9.155427,-0.16711527,-0.047420595,-0.4515167
0.2681506,2.2409728,7.469909,-0.11903145,-0.007731808,-0.3654545
0.5363012,2.6623523,7.8912888,-0.08998918,0.027733281,-0.31110492
1.2258313,0.47884035,8.848969,-0.15866788,-0.031503193,-0.3898891
0.45968673,1.7429788,11.33894,-0.2700897,-0.111840695,-0.5736199
0.5746084,2.7006595,7.73806,-0.23092452,-0.10754719,-0.4741536
-0.076614454,-0.7469909,5.592855,-0.16648696,-0.10744247,-0.32058206
1.532289,2.7389667,10.994174,-0.16362461,-0.09716248,-0.3259577
-1.1492168,1.9728222,9.346964,-0.15912166,-0.106150925,-0.2965489
-0.61291564,2.3175871,8.236053,-0.11307988,-0.077178456,-0.17713347
0.19153613,4.5777135,9.768343,-0.043807764,-0.032148965,0.029286625
0.15322891,0.51714754,9.11712,0.10234611,0.05014331,0.33976325
0.11492168,1.8579005,12.5264635,0.07035422,0.032620203,0.26117107
0.038307227,4.0797195,9.11712,-0.0259705,-0.05438446,0.102712624
0,3.083732,8.0445175,0.00153589,-0.03351032,0.16838937
0.7661445,3.1603463,8.274361,0.087231554,0.006335545,0.33121112
0.30645782,2.0494366,9.80665,0.15121533,0.048136182,0.46579346
0.038307227,2.777274,9.730036,0.19120082,0.0731293,0.5677382
0.38307226,4.232949,8.350976,0.18994418,0.08019788,0.5497089
0.4213795,3.466804,10.036493,0.28808406,0.1311964,0.70020866
-1.0726024,-1.091756,11.224017,0.26761132,0.12981759,0.65046674
-0.11492168,0.05746084,12.98615,0.11412708,0.06396632,0.35206783
-0.19153613,1.6663644,8.00621,0.048799407,0.05920157,0.21766001
0.22984336,5.1906295,6.703765,0.015830137,0.06653195,0.18559831
0,4.232949,7.6614456,0.05588544,0.09911725,0.26172957
-0.7278373,2.3175871,11.530476,0.06159267,0.095120445,0.27281243
0.22984336,1.7046716,10.304645,0.023876105,0.07483972,0.17533578
1.0342951,1.7046716,9.768343,-0.007400196,0.053721234,0.10976376
0.11492168,1.1300632,5.094861,0.017889624,0.06719518,0.18303268
-0.80445176,3.083732,6.244078,0.025045475,0.070249505,0.19622737
-1.3024458,1.3599066,7.699753,0.05087635,0.084665924,0.22108085
-0.4213795,2.3558946,9.155427,0.058485985,0.12904964,0.17643534
0.5746084,2.27928,7.8912888,0.019233529,0.1254019,0.080634214
0.49799395,0.82360536,8.695741,-0.073635444,0.065973446,-0.075939275
2.030283,4.003105,9.959879,-0.12301081,0.025691247,-0.14512412
1.5705963,2.3558946,9.883265,-0.19907226,-0.02019346,-0.28797933
0.6895301,3.3518825,8.082825,-0.12522738,-0.01319469,-0.14013249
1.4939818,1.436521,9.155427,0.009651671,0.016353736,0.16948892
-0.038307227,3.122039,10.189722,0.20146336,0.08470083,0.59803706
0.7661445,1.2449849,10.151415,0.16919221,0.04244641,0.5263215
0.076614454,4.1180267,10.611102,0.06937684,-0.006789331,0.3061133
-0.5746084,1.5131354,7.393295,0.034766957,-0.016894788,0.2135934
0.49799395,2.585738,7.431602,0.03637266,-0.007993608,0.19043288
1.3790601,1.0534488,9.270349,0.024644049,-0.007400196,0.15114552
1.1492168,3.1986535,7.8146744,0.03551745,0.011292281,0.14346607
0.30645782,2.96881,8.00621,0.022776546,0.002583087,0.124162726
-0.30645782,2.7389667,8.542512,0.06904522,0.027855454,0.21739821
0.9959879,1.1300632,8.236053,0.044453535,-0.035691984,0.25989696
0.34476504,2.1643584,10.228029,0.022357667,-0.08503244,0.2880317
-0.038307227,3.620033,9.155427,0.012444197,-0.070668384,0.22985986
0.91937345,1.1300632,7.0102224,0.03991568,-0.036774088,0.22813198
0.4213795,2.7006595,9.768343,0.025935592,-0.027890362,0.17629571
0.38307226,3.2369606,9.768343,0.009267698,-0.010803588,0.1131846
-0.38307226,0.5554548,3.6391866,-0.050317843,-0.004974188,-0.054681167
0.038307227,3.6966474,7.0485296,-0.072221726,0.014154621,-0.14135422
0.2681506,1.9728222,9.078813,-0.03817035,0.043493606,-0.087807514
-0.22984336,2.2409728,12.871228,-0.06391396,0.009093165,-0.12091641
0.38307226,4.309563,8.389283,-0.06798057,-0.006440265,-0.112556286
-0.22984336,2.585738,9.232041,-0.057979837,-0.033196162,-0.06586873
0.842759,1.5514427,4.3287168,-0.04166101,-0.042743113,-0.016371189
0.30645782,1.6280571,9.653421,-0.006457718,-0.02401573,0.05183628
1.1875241,1.6280571,9.5385,-0.022148227,-0.03317871,3.49E-04
-0.22984336,2.4708161,9.959879,-0.045954518,-0.04951499,-0.09164724
-0.11492168,1.8962077,9.002198,-0.08028515,-0.057229348,-0.23130849
-0.22984336,2.7389667,8.121132,-0.036704276,-0.007644542,-0.18242182
0.6512229,1.7429788,10.113108,-0.03567453,-0.004782202,-0.2049191
0.19153613,1.8962077,8.00621,-0.07628834,-0.005340708,-0.31152382
0.34476504,3.083732,8.236053,-0.053529248,0.002076942,-0.26506317
0.19153613,3.5817258,9.232041,-0.025010569,0.003892084,-0.21012019
0.45968673,2.27928,9.270349,0.025010569,0.013055063,-0.09967575
0,2.585738,10.113108,0.10224139,0.027785642,0.045169123
-0.038307227,3.6966474,8.695741,0.085241884,-8.90E-04,0.023893557
0.15322891,3.083732,5.861006,0.12746139,0.03398156,0.10445795
-0.22984336,2.96881,6.3206925,0.19252726,0.07237881,0.23099433
0.7278373,3.122039,8.42759,0.1630661,0.07089528,0.14713125
-0.22984336,0.47884035,8.734048,0.11960741,0.057910025,0.014887659
0.91937345,1.9728222,10.266336,0.08922123,0.02586578,-0.083339475
1.4173675,2.777274,10.572795,0.01425934,-0.027506389,-0.25193828
0.30645782,4.5777135,10.994174,0.08297295,0.007347836,-0.08707447
0.6512229,4.1946416,8.42759,0.101368725,0.011257374,-0.034540065
0.6512229,1.2449849,10.726024,0.1187173,0.003926991,0.016249016
1.685518,-0.6703765,8.00621,0.08093092,-0.042219516,-0.008360127
0.076614454,2.2409728,10.6877165,0.0649437,-0.09456194,-0.015777776
-0.038307227,2.3175871,8.580819,0.04728097,-0.12142256,-0.06305875
1.3024458,2.6240451,10.113108,0.02904228,-0.13823007,-0.088453285
0.9959879,4.1946416,9.500193,0.025569074,-0.12189379,-0.16102408
-0.5363012,2.2409728,9.730036,0.030892327,-0.10972885,-0.17404424
-0.34476504,2.3175871,10.726024,0.043615777,-0.08288568,-0.15413003
-0.076614454,3.6966474,9.461885,0.037402406,-0.084578656,-0.1731192
-0.6895301,2.8538885,8.465898,-0.05523967,-0.13475688,-0.38325685
-0.6512229,0.78529817,5.056554,-0.057962384,-0.13049826,-0.38709658
1.7238252,3.7349546,7.5465236,-0.053145275,-0.1166229,-0.3594331
0.842759,1.934515,9.308656,-0.0426733,-0.10939724,-0.33255503
0.22984336,3.0454245,13.522451,0.02146755,-0.06611307,-0.18589501
0.5363012,3.3901896,11.032481,-0.008604473,-0.084997535,-0.23438026
-0.5746084,1.436521,10.457873,-0.05614724,-0.1097463,-0.3284884
0.11492168,1.4748282,5.746084,-0.0916996,-0.12095132,-0.3909363
-0.5363012,3.0454245,7.8146744,-0.06702064,-0.103759825,-0.34910077
0.5363012,2.087744,7.8912888,-0.008796459,-0.04405211,-0.23708552
-0.19153613,4.501099,9.615114,0.012356931,0.003193953,-0.21931808
0.91937345,2.0111294,11.568783,0.013316862,0.04839798,-0.24619615
-0.19153613,2.087744,11.109096,0.007609636,0.06881833,-0.23994787
1.532289,1.7812861,8.121132,-0.024294984,0.042481314,-0.2353751
0,3.2369606,7.3166804,-0.035953782,0.02974041,-0.19753636
-0.30645782,3.6966474,8.925584,-0.041573744,0.024556782,-0.15116297
-0.61291564,5.6120086,9.500193,0.003996804,0.039584067,-0.046198864
1.532289,1.3215994,12.449849,0.002059489,0.033196162,-0.040526547
0,0.93852705,10.266336,-0.027593656,0.015079645,-0.082920596
1.4939818,2.6240451,9.193734,-0.040578905,0.008848819,-0.08032005
-0.22984336,4.6160207,6.6271505,-0.024818582,0.022235494,-0.03255039
-0.4213795,2.8538885,8.236053,0.009896017,0.058032196,0.045081854
1.3024458,0.47884035,12.220005,-0.010227629,0.06557202,0.001518437
0.2681506,0.5554548,11.453861,-0.102607906,0.023596851,-0.1961052
0.842759,3.2369606,6.6271505,-0.10698868,0.005410521,-0.14940019
0.038307227,5.4204726,4.1371803,-0.07307693,0.01860521,-0.056269415
0.5363012,0.7469909,9.883265,-0.021083577,0.030246556,0.08660324
0.34476504,0.59376204,13.445837,-0.006440265,0.014817845,0.16020377
1.340753,1.934515,11.60709,-0.035534903,-0.033841934,0.148161
0.7278373,4.462792,11.87524,-0.028431414,-0.05448918,0.14177309
-0.4213795,4.156334,6.5122285,-0.016318828,-0.06190683,0.15200073
0.22984336,1.6663644,8.236053,-0.013212143,-0.04426155,0.09876818
-0.15322891,-0.6703765,10.036493,-0.016091935,-0.043266714,0.07436848
1.0342951,3.2369606,11.262324,-0.09796533,-0.07936012,-0.10428342
1.3024458,4.462792,8.848969,-0.15847589,-0.10979866,-0.23497367
0.61291564,5.9567738,11.070788,-0.014713125,-0.053668875,0.081210166
0.11492168,5.267244,5.554548,0.03031637,-0.040997785,0.1998751
0.5746084,1.8962077,9.040505,0.16552703,0.023335053,0.47963393
0.9959879,-1.6663644,11.760319,0.16458455,0.021921335,0.46799257
1.7621324,2.432509,10.840945,0.11967722,-0.006108652,0.3856305
-0.9959879,2.815581,9.11712,0.09194394,-0.012164945,0.31110492
-1.1492168,3.5051112,6.167464,0.07311184,-0.005201081,0.25144958
1.7621324,2.7006595,10.6877165,-0.002530727,-0.021031218,0.08801696
1.3024458,0.2873042,9.844957,-0.043284167,-0.04087561,-0.010960667
0.5363012,4.271256,10.342952,0.022026055,-0.007504916,0.12175417
0.6512229,2.432509,9.461885,0.03160791,0.002338741,0.14091788
-0.8810662,2.1260512,9.730036,0.001047198,-0.009494592,0.0723439
0.91937345,2.2026656,6.7803793,0.012636184,-0.012496557,0.10323623
-0.9959879,1.8962077,7.5082164,0.017034413,-0.002286381,0.102782436
0.038307227,0.4405331,11.262324,0.044977136,0.019861847,0.1513375
-0.5363012,3.3901896,8.925584,0.04230678,0.022148227,0.14346607
0.34476504,3.0454245,9.423578,3.32E-04,0.015114551,0.041224677
-0.19153613,3.5434184,10.228029,-0.08370599,-0.026145032,-0.15927875
-0.30645782,2.087744,7.393295,-0.2589894,-0.1116138,-0.5428672
0.038307227,0.7469909,7.3549876,-0.17619099,-0.036756635,-0.42605233
0.30645782,1.283292,10.6877165,-0.068120204,0.036669366,-0.25186846
0.30645782,2.5091233,9.500193,-0.061453044,0.06843436,-0.29253465
1.0726024,2.3175871,7.3166804,-0.088435836,0.007173303,-0.30112165
0.7661445,4.7309427,8.082825,-0.07838274,-0.013683382,-0.29215068
0.11492168,4.5394063,7.6614456,-0.03361504,0.002897247,-0.21425661
-0.19153613,1.0534488,10.879252,0.03403392,0.027838001,-0.08180358
0.9959879,0.59376204,7.929596,0.058922317,0.039950587,-0.002268928
0.38307226,2.1643584,9.232041,0.014887659,0.012077678,-0.072640605
-0.9576807,1.091756,9.691729,-0.011222467,-0.003333579,-0.1081057
0.7661445,1.7812861,10.228029,-0.06393141,-0.034697145,-0.2048842
-0.19153613,2.930503,9.270349,-0.042376593,-0.028344147,-0.15863298
0.30645782,2.432509,7.776367,-0.016441,-0.013247049,-0.10618583
0.49799395,3.620033,7.6614456,0.013107423,-0.002111848,-0.058241636
0.038307227,1.3215994,9.11712,-0.01823869,-0.014241886,-0.13957398
-0.19153613,0.7086837,5.746084,-0.038083084,-0.019338248,-0.19355701
0.5363012,3.8498764,9.730036,-0.03996804,-0.02953097,-0.17793632
0.45968673,2.5474305,9.308656,-0.03885103,-0.035185836,-0.15461873
-0.19153613,4.8458643,9.155427,0.03747222,-0.006300638,0.046722464
0.19153613,5.650316,7.8146744,0.1121025,0.031991884,0.21491985
0.38307226,0.17238252,8.848969,0.15599753,0.06925467,0.3051708
1.4173675,1.8195933,12.909535,0.05539675,0.017872171,0.107878804
1.1109096,1.3215994,11.453861,-0.031660274,-0.019128809,-0.07936012
0.19153613,1.934515,7.776367,-0.09238028,-0.046844635,-0.1968906
1.2641385,3.1986535,7.776367,-0.043231804,-0.010611602,-0.092903875
-0.8810662,0.51714754,8.42759,-0.035953782,0.007993608,-0.08656833
1.1492168,0.9768343,10.840945,-0.03651229,-0.00143117,-0.06857399
-0.34476504,3.7349546,13.292608,-0.05057964,-0.013578662,-0.09885545
0,1.0151415,8.389283,-0.14123204,-0.07347836,-0.28071874
0.5363012,4.3861775,4.9416323,-0.108227864,-0.060161497,-0.20999801
0.91937345,4.156334,5.707777,-0.030159289,-0.020909045,-0.04749041
0.076614454,1.436521,8.772355,0.009424778,0.005078908,0.039217547
1.6089035,0.47884035,10.649409,0.05338962,0.022584561,0.15980235
1.685518,0.5554548,12.641385,-0.018832102,-0.016615534,0.024731316
-0.19153613,2.777274,9.576807,-0.044680428,-0.044750243,-0.034470253
0.45968673,3.3135753,5.554548,-0.14194763,-0.087720245,-0.24706881
-0.5746084,3.3901896,6.588843,-0.2027549,-0.11489502,-0.39517745
0.80445176,-0.05746084,7.8146744,-0.13315117,-0.06263987,-0.26905996
1.1875241,0.90021986,11.87524,-0.08052949,-0.019914206,-0.18811159
-0.11492168,0.36391866,10.611102,-0.08016297,-0.029775318,-0.20835741
-0.22984336,3.8881836,11.836933,-0.11189306,-0.057002455,-0.28424433
0.22984336,5.1523223,8.236053,-0.064332835,-0.04209734,-0.20167279
0.5746084,2.1643584,8.925584,-0.031555552,-0.028291788,-0.13639748
1.5705963,2.815581,11.722012,0.053529248,0.004886922,0.0538085
1.1492168,4.1180267,6.6271505,0.18819885,0.049043752,0.34730306
0.22984336,2.777274,8.236053,0.14852752,0.00720821,0.29016098
-0.61291564,2.0111294,7.776367,0.081541784,-0.023527037,0.16043067
0.30645782,2.5474305,9.653421,0.047944196,-0.042062435,0.09227556
0.22984336,0.78529817,8.734048,-0.02029818,-0.05660103,-0.055780724
1.4173675,4.1180267,12.832921,0.05553638,-0.007661996,0.09466666
1.3024458,2.5091233,10.151415,0.060318578,9.60E-04,0.10206685
-0.19153613,3.083732,7.967903,0.081088,0.012339477,0.13512339
1.1875241,1.283292,10.91756,0.009459685,-0.017278759,0.010786135
1.2258313,1.1300632,11.9135475,-0.11524409,-0.098995075,-0.21959732
-0.49799395,2.5474305,9.844957,-0.08997172,-0.093951076,-0.14220943
0.30645782,4.3861775,8.082825,0.03239331,-0.006632251,0.11836823
0.45968673,4.1180267,8.350976,0.20231856,0.09480628,0.47958156
0.2681506,3.1986535,6.8569937,0.23122121,0.119973935,0.55827844
1.3024458,2.6623523,8.580819,0.1955816,0.10396926,0.48862237
-0.4213795,0.90021986,9.423578,0.18341665,0.09370673,0.48862237
-0.2681506,2.5474305,9.155427,0.14489724,0.08346164,0.40395644
0.45968673,2.6240451,9.730036,0.068783425,0.049706977,0.25251424
0.34476504,0.82360536,7.2783732,3.49E-05,0.012112585,0.101368725
0.4213795,5.803545,9.270349,0.003124139,0.019687314,0.12332497
0.5363012,1.6663644,10.457873,0.023369959,0.036861353,0.16741198
0.038307227,0.32561144,8.389283,0.026529005,0.03913028,0.17105971
0.91937345,2.27928,9.461885,0.001151917,0.028693212,0.13482669
1.0726024,2.4708161,9.040505,-0.003385939,0.025569074,0.13829988
0.11492168,3.7732618,9.040505,0.03642502,0.040805798,0.21991149
0.19153613,0.59376204,10.342952,0.1237962,0.08415978,0.38866737
0.8810662,1.9728222,8.619126,0.16081464,0.096621424,0.4408178
0.45968673,1.7429788,10.381259,0.09773844,0.07358308,0.28818876
-0.19153613,2.3558946,8.465898,-0.08388052,0.01823869,-0.12857841
1.7238252,3.0454245,9.576807,-0.17647023,-0.014940019,-0.32571334
1.1875241,3.3901896,10.534488,-0.21607175,-0.024452062,-0.41259584
0.61291564,2.4708161,11.33894,-0.14648548,0.002879793,-0.28375563
0.2681506,2.585738,10.113108,-0.11599458,0.002530727,-0.20928243
0.4213795,3.5434184,8.580819,-0.003141593,0.04012512,0.018901916
0,0.93852705,11.070788,0.03668682,0.013369222,0.14290756
0.91937345,2.5091233,12.028469,-0.006195919,-0.027680922,0.06021386
-0.22984336,2.7389667,9.80665,-0.04925319,-0.04579744,-0.04235914
1.1875241,1.5514427,6.129156,-0.051766466,-0.0360585,-0.07572984
1.4173675,4.309563,8.963891,-0.020839231,-0.017749999,-0.04103269
0.9576807,2.27928,7.8529816,0.010541788,0.024958208,-5.76E-04
-1.0726024,1.8195933,5.592855,0.040631264,0.05127777,0.04129449
0.7661445,2.2409728,8.925584,0.09622,0.09161233,0.13215633
0.30645782,0.21068975,10.91756,0.048834313,0.057648227,0.06798057
-0.30645782,2.3942018,10.6877165,0.03417355,0.0461116,0.06578146
-0.45968673,2.777274,9.500193,0.007801622,0.030647982,0.017383479
0.61291564,4.501099,7.73806,0.04649557,0.047141343,0.090844385
0.7661445,3.1603463,9.346964,0.12646656,0.09044296,0.24431118
1.6089035,2.6623523,9.691729,0.1214051,0.10988593,0.20059069
0.45968673,0.93852705,11.530476,0.058468528,0.099309236,0.037821285
1.4939818,4.8841715,10.6877165,0.020786872,0.07888888,-0.020891592
-0.038307227,4.3478703,8.236053,-0.037175514,0.05487315,-0.13196434
-0.19153613,4.960786,3.9456444,0.020053834,0.08002335,-0.00439823
1.3024458,2.1260512,8.6574335,0.12835151,0.13182472,0.21535617
-0.038307227,-2.0111294,11.070788,0.1592962,0.13459979,0.28106782
1.6472107,-0.6703765,12.5264635,0.034644786,0.060737457,0.054506633
0.61291564,3.466804,8.236053,-0.008604473,0.030246556,-0.02453933
0.91937345,2.432509,4.7884035,-0.07449065,-0.011885692,-0.14343116
0.15322891,3.1603463,8.772355,-0.13631022,-0.05787512,-0.25628415
-0.9576807,1.0151415,10.419566,-0.10545279,-0.061313417,-0.19706513
0.2681506,2.2409728,9.346964,-0.060318578,-0.03705334,-0.12250466
0.2681506,4.156334,7.3166804,-0.02555162,-0.04818854,-0.007888888
0.9959879,2.087744,9.921572,-0.011187561,-0.049131017,0.035220746
-0.22984336,3.122039,10.840945,-0.042010076,-0.062936574,-0.040945426
0.11492168,-0.2873042,10.189722,-0.20202187,-0.13749704,-0.37690386
-0.49799395,1.3599066,8.619126,-0.22589797,-0.14315191,-0.42734388
-0.80445176,4.8841715,10.151415,-0.087441,-0.061627574,-0.16376424
0.7278373,1.8195933,9.80665,-0.034836773,-0.004956735,-0.10164797
0.49799395,0.78529817,10.228029,-0.13060299,-0.038990654,-0.31290263
0.34476504,5.9567738,9.002198,-0.20086995,-0.0789587,-0.44886377
0.2681506,3.8498764,8.0445175,-0.124599054,-0.03799582,-0.28504717
-0.6512229,2.0111294,7.699753,0.040805798,0.05269149,0.047298424
-0.038307227,4.156334,8.580819,0.20631537,0.13960889,0.35870007
0.842759,4.3478703,10.419566,0.37294194,0.2210983,0.6565056
-0.30645782,2.815581,10.840945,0.36404076,0.20230111,0.621599
0.45968673,0.17238252,13.445837,0.19102629,0.09951867,0.27822295
-0.45968673,0.8619126,12.181698,0.035255652,0.008779006,-0.026145032
-0.80445176,4.1946416,8.734048,-0.036966074,-0.030595621,-0.17428859
-0.6512229,3.0454245,6.244078,-0.021275563,-0.024452062,-0.13524556
-0.7661445,3.4284968,8.542512,0.009075712,-0.003263766,-0.052237704
-0.11492168,1.5131354,10.534488,0.061854467,0.025010569,0.052290063
0.4213795,1.2449849,10.726024,0.08100073,0.03387684,0.09267698
-0.61291564,4.501099,8.963891,0.086062185,0.037088245,0.10768682
-0.076614454,3.1603463,7.393295,0.09016371,0.040631264,0.13341297
-0.22984336,3.2369606,8.159439,0.1624378,0.08518952,0.27893853
-1.6472107,2.7389667,10.91756,0.15315264,0.08271115,0.27118927
0.6512229,-0.019153614,8.695741,0.08693485,0.046443213,0.14744541
0.5746084,3.0071173,10.342952,-0.059620447,-0.038711403,-0.12603022
-0.8810662,3.122039,7.469909,-0.12412781,-0.07201228,-0.23513076
0.91937345,0.9768343,8.6574335,-0.26670375,-0.1433439,-0.51106733
1.0726024,2.96881,8.810662,-0.32112312,-0.16421802,-0.6170786
-0.49799395,0.93852705,10.726024,-0.19788542,-0.09025098,-0.36795032
0.7278373,1.6280571,9.883265,-0.052831117,0.011466813,-0.07230899
-0.80445176,2.5091233,8.925584,-0.015271631,0.03117158,-2.27E-04
-0.076614454,1.3982137,9.500193,-0.053895768,0.00561996,-0.06773623
-0.2681506,2.777274,10.113108,-0.078016214,-0.018971728,-0.12868312
-0.6512229,1.436521,9.078813,-0.12938125,-0.051818825,-0.24600416
1.5705963,2.3942018,8.734048,-0.14421655,-0.06461209,-0.27377236
-0.34476504,4.5777135,4.9416323,-0.08360127,-0.035133477,-0.14997615
-0.61291564,3.5434184,7.8912888,-0.023596851,-0.006038839,-0.020961404
1.3024458,2.5474305,10.802638,-0.004223697,-0.008342674,0.017837266
0.4213795,1.1683705,11.147403,-0.025359634,-0.02453933,-0.023579398
2.1068976,0.90021986,8.159439,-0.043912485,-0.0726057,-0.030019663
-0.11492168,2.8921957,8.963891,-0.056374136,-0.07840019,-0.07436848
-1.1109096,1.934515,9.385271,-0.092240654,-0.07070329,-0.17299703
0.076614454,-0.63206923,8.121132,-0.143117,-0.08585274,-0.2833542
0.80445176,3.1986535,8.197746,-0.1272345,-0.047891833,-0.27726302
-0.45968673,2.3175871,8.504205,-0.07178539,0.03211406,-0.21109757
0.45968673,0.32561144,4.213795,-0.03832743,0.053948127,-0.15053464
0.9959879,0.59376204,10.649409,-0.010227629,0.0559378,-0.084910266
-0.19153613,2.432509,8.389283,0.025010569,0.06592108,-0.009651671
0.19153613,3.5434184,6.703765,0.06316347,0.07307693,0.08684758
-0.34476504,0.40222588,8.082825,0.06705555,0.0704764,0.114877574
0.45968673,1.934515,8.848969,0.02825688,0.05496042,0.04373795
-0.2681506,3.466804,6.0525417,-0.03630285,0.018570304,-0.07023205
-0.34476504,1.091756,7.6614456,-0.14133677,-0.04612905,-0.28119
0.6512229,1.5514427,7.3549876,-0.22265165,-0.08859291,-0.44781658
0.9959879,2.2409728,9.078813,-0.17575465,-0.08450884,-0.33546972
0.038307227,1.3982137,13.982138,-0.09580112,-0.07319911,-0.11006046
1.8387469,2.3558946,9.80665,-0.080372415,-0.0840376,-0.0323235
0.34476504,2.930503,8.772355,-0.060597833,-0.12264428,0.03403392
0.80445176,4.1946416,10.381259,0.06717772,-0.12037536,0.3607072
0.5746084,5.267244,9.308656,0.17746508,-0.0736878,0.60925955
-0.4213795,0.17238252,10.649409,0.22340214,-0.048537605,0.7169638
1.6472107,3.122039,8.580819,0.14021975,-0.104265966,0.5629385
0.4213795,3.0454245,9.308656,0.21614157,-0.03672173,0.6983935
-0.7661445,1.7046716,7.929596,0.25610963,0.006475172,0.74933964
1.2258313,1.3599066,9.576807,0.17814575,-0.013700835,0.5592035
-1.2641385,1.934515,10.419566,0.09559168,-0.04314454,0.36250487
0.45968673,2.777274,10.764331,0.040142573,-0.05688028,0.21661282
0.45968673,3.4284968,8.695741,-0.03174754,-0.07665486,0.03726278
-0.34476504,2.7006595,10.840945,-0.040910516,-0.07527605,-0.003961898
-0.30645782,3.466804,8.887277,0.032637656,-0.022008602,0.09855874
0.5746084,2.4708161,10.151415,0.10946705,0.0310145,0.22753857
-0.038307227,0.78529817,11.9135475,0.09119345,0.043685593,0.15217526
0,3.0454245,6.588843,0.11885692,0.09136798,0.14627604
0.4213795,4.232949,4.55856,0.15416493,0.11814134,0.21530381
0.9959879,0.47884035,8.0445175,0.1921782,0.13386676,0.30251792
1.1492168,2.27928,11.224017,0.036233034,0.04574508,0.010978121
1.0342951,0.4405331,10.994174,-0.19144517,-0.08026769,-0.42044982
1.8770541,4.0414124,5.746084,-0.19444713,-0.105557516,-0.39308307
-0.19153613,3.0071173,8.695741,-0.1338842,-0.089919366,-0.24211207
0.2681506,1.5897499,10.113108,-0.114633225,-0.0792554,-0.21191788
1.1492168,1.3982137,9.80665,-0.09574876,-0.069272116,-0.16339773
0.15322891,2.0111294,9.730036,-0.078592174,-0.075118974,-0.11431906
0.38307226,3.4284968,7.086837,-0.043755405,-0.058904864,-0.037926003
1.5705963,3.5817258,7.8529816,0.011379547,-0.03508112,0.08018043
0.7278373,1.5514427,10.496181,0.040526547,-0.03296927,0.16297884
0.15322891,2.1260512,9.844957,0.023945916,-0.06977826,0.17001252
1.1492168,2.2409728,8.6574335,-0.017575465,-0.10459758,0.104021624
0.076614454,1.7046716,9.844957,3.49E-05,-0.081279986,0.144234
-0.076614454,3.0071173,8.082825,0.009442232,-0.05667084,0.1524196
0.38307226,1.8195933,9.270349,-0.052255157,-0.06602581,0.013788101
0.80445176,-0.8619126,7.3549876,-0.088121675,-0.060161497,-0.09667379
0.61291564,4.156334,9.11712,-0.10602875,-0.02666863,-0.1844464
0.38307226,4.1180267,9.500193,-0.07595673,0.049427725,-0.18755308
-1.8387469,4.1180267,10.572795,-0.034679692,0.14967944,-0.22647393
0.076614454,3.8881836,11.032481,0.004921828,0.16556193,-0.17027432
0.49799395,1.6280571,9.768343,0.023439772,0.16357225,-0.115785144
0.22984336,2.6240451,12.105083,0.11510447,0.18425441,0.11145672
1.1492168,1.5514427,10.91756,0.14374532,0.18767525,0.20418607
-0.45968673,2.6623523,5.171476,0.10166543,0.16076228,0.1649336
1.3024458,4.156334,5.93762,0.09316567,0.14407693,0.18376571
0.5746084,1.8579005,8.312668,0.08386307,0.12596041,0.15688765
0.45968673,0.24899697,11.951855,0.083095126,0.111666165,0.17055358
0.038307227,2.8921957,9.883265,0.05703736,0.100391336,0.13613568
-0.11492168,3.0071173,7.1634517,0.035761796,0.08492772,0.08370599
-1.3024458,4.8458643,6.6271505,0.087057024,0.108123146,0.18118262
0.11492168,3.3901896,9.423578,0.11056661,0.104999006,0.21430898
-0.38307226,1.2449849,8.695741,0.18537141,0.136764,0.3655243
0.6895301,1.3215994,11.109096,0.22717206,0.15423475,0.4434009
0.6512229,2.6623523,11.300632,0.10033898,0.07515388,0.2067866
0.22984336,3.3135753,9.232041,0.063582346,0.04223697,0.14704399
-0.34476504,4.156334,8.159439,0.07325147,0.043161992,0.163293
0.19153613,1.8962077,9.155427,0.08122762,0.037978366,0.1749867
1.2641385,1.6280571,10.036493,0.061662484,0.020577433,0.13802063
0.91937345,4.462792,9.11712,0.08756317,0.024068091,0.17629571
-0.45968673,1.8962077,9.768343,0.048258353,0.003316126,0.07756243
-0.6895301,1.1300632,5.66947,0.012130038,-0.012217305,-0.01446878
0.45968673,2.96881,8.274361,-0.008883726,0.002879793,-0.08731882
0.4213795,1.7429788,9.193734,-0.003560472,0.037926003,-0.12908456
-0.076614454,4.4244847,10.879252,0.02157227,0.060528018,-0.11679743
0.34476504,3.2369606,9.5385,0.11468559,0.100146994,0.06908013
0.6895301,0.7469909,9.768343,0.04394739,0.042586032,-0.013613568
0.19153613,4.1946416,13.752295,-0.031031953,-0.009442232,-0.11248647
0.2681506,-0.2873042,10.994174,-0.11492993,-0.07719591,-0.2376964
1.340753,2.6240451,8.695741,-0.117024325,-0.10857693,-0.20570451
1.4556746,4.232949,6.6654577,-0.034121186,-0.06881833,-0.037507124
1.1875241,3.3135753,9.270349,-0.005358161,-0.057054814,0.030281462
0.30645782,1.4748282,9.002198,0.01558579,-0.07070329,0.12079424
0.5363012,2.0111294,9.155427,-0.019111356,-0.10321877,0.09526007
-0.7661445,1.0151415,8.159439,-0.033143803,-0.112242125,0.05469862
1.1875241,3.466804,9.423578,-0.047106437,-0.0977908,-0.005934119
-1.1109096,2.27928,7.8912888,-0.058032196,-0.09087929,-0.04173082
0.49799395,-0.63206923,7.3549876,-0.12185889,-0.11301007,-0.18111281
1.2641385,3.2752678,9.691729,-0.1950929,-0.13638003,-0.33622023
0.5363012,2.7389667,10.266336,-0.18437658,-0.1251052,-0.3277554
-1.0342951,3.2752678,9.844957,-0.18001325,-0.11725122,-0.33122858
0.15322891,3.8881836,7.699753,-0.1375494,-0.09047787,-0.26005405
0.22984336,1.5131354,8.963891,-0.09759881,-0.06218608,-0.20265017
0.8810662,0.6703765,10.381259,-0.07761479,-0.035185836,-0.1852667
0.11492168,1.934515,9.308656,-0.010908308,0.007278023,-0.057194438
-0.30645782,1.934515,9.040505,0.026651178,0.05614724,-0.017749999
0.2681506,1.6280571,6.5122285,0.017680185,0.08307767,-0.07550294
0.076614454,2.5474305,9.653421,-0.010157816,0.07723082,-0.1359786
0.80445176,0.5554548,10.611102,-0.1375843,0.021170843,-0.38650316
-0.4213795,4.462792,11.224017,-0.16222836,0.018622663,-0.43961352
0.19153613,1.7046716,9.80665,-0.09058259,0.06719518,-0.31995377
1.0342951,3.1986535,8.734048,-0.070005156,0.05948082,-0.24694663
1.1492168,3.3135753,8.312668,-0.05900958,0.041992623,-0.18177605
0.11492168,1.8962077,10.036493,0.005969026,0.04597197,-0.020141099
-0.2681506,1.5131354,8.619126,0.09567895,0.04740314,0.19921188
0.15322891,3.8498764,6.5122285,0.084002696,0.033807028,0.18325958
-1.2258313,2.815581,5.592855,0.108629294,0.054140113,0.2106787
0.22984336,0.63206923,11.722012,0.1564164,0.08740609,0.28338912
0.4213795,0.7469909,12.258312,0.07258824,0.046792276,0.13135348
-0.11492168,-0.8619126,10.764331,-0.082047924,-0.021764256,-0.14693926
0.842759,3.3135753,7.2783732,-0.14802137,-0.047944196,-0.27298695
-0.45968673,5.5737014,5.171476,-0.040369466,0.012479104,-0.06873106
0.5746084,1.2449849,6.742072,0.04569272,0.07138397,0.09316567
0.842759,2.0494366,9.5385,0.064332835,0.09403834,0.1458397
0.45968673,0.59376204,11.60709,0.046862092,0.07937758,0.1314582
-0.34476504,2.0111294,10.457873,0.01595231,0.049549896,0.07023205
0.49799395,3.8881836,10.189722,0.001099557,0.02443461,0.07674213
-1.2641385,0.32561144,12.066776,-0.085241884,-0.012496557,-0.09628981
2.2984335,3.5051112,10.496181,-0.17060593,-0.052883476,-0.25743607
0.5746084,3.122039,8.312668,-0.15463617,-0.03864159,-0.22012092
0.7661445,4.1180267,4.0222588,-0.074735,-0.002076942,-0.06482153
0.61291564,1.0151415,5.899313,0.017313667,0.03775147,0.1007404
0.80445176,-1.5897499,12.028469,-0.022514747,0.011885692,0.03885103
0.9959879,0.2873042,13.254301,-0.18990928,-0.111910515,-0.23102923
0,6.4164605,8.389283,-0.16685347,-0.12908456,-0.1649336
0.11492168,4.5777135,6.6271505,-0.009285152,-0.06190683,0.11533136
-1.9536686,1.2449849,7.929596,0.22511257,0.06091199,0.517717
0.7278373,0.47884035,9.461885,0.20668189,0.06527531,0.45811403
0.80445176,-0.2873042,12.564771,0.031922072,-0.041364305,0.16105898
2.0685902,2.2409728,10.840945,-0.08402015,-0.15337953,-0.003717551
0.038307227,3.620033,7.086837,-0.07288495,-0.14798647,0.006091199
-0.5363012,4.003105,10.342952,0.003089233,-0.09313077,0.14173819
0.076614454,2.777274,8.695741,0.12060225,-0.016615534,0.3444931
1.2258313,0.6703765,10.840945,0.16198401,0.013072516,0.41763982
0.7661445,0.51714754,10.342952,0.12763593,-4.89E-04,0.37316886
-0.5746084,4.999093,8.963891,0.09531243,-0.002775074,0.2967758
-1.0726024,1.7812861,7.469909,-0.016510814,-0.041416664,0.06764896
-0.842759,3.8115692,6.895301,-0.103777274,-0.065502204,-0.10505137
0.15322891,4.232949,8.6574335,0.029967302,0.04379031,0.07351327
1.3024458,1.8962077,9.730036,0.11728612,0.10841985,0.21046926
0.9959879,4.8458643,12.641385,0.27839747,0.20552997,0.4996354
-0.45968673,4.232949,10.994174,0.28494245,0.1972222,0.54225636
-0.6895301,0.5554548,12.641385,-0.011239921,0.03944444,0.042219516
2.2984335,3.0071173,13.139379,-0.113743104,-0.028605945,-0.14268066
0.8810662,2.4708161,12.028469,-0.0816465,-0.008709193,-0.07442084
-0.15322891,3.1603463,7.0485296,0.061557762,0.0564614,0.18643607
1.3024458,3.8498764,8.274361,0.18004817,0.11499974,0.37281978
-0.076614454,1.9728222,8.082825,0.12789772,0.088540554,0.262323
1.0726024,2.8921957,10.457873,0.12356931,0.07730063,0.25970498
-0.9959879,1.8962077,8.197746,0.115383714,0.07353072,0.23326325
-0.38307226,0.2873042,7.431602,0.1226792,0.10250319,0.18872245
-0.038307227,2.8538885,7.5465236,0.12817699,0.12281882,0.18420205
0.6895301,2.815581,10.228029,0.070912726,0.09313077,0.08073893
0.7278373,2.1260512,11.415554,0.03502876,0.059777528,0.032794736
-0.22984336,3.8881836,9.576807,-0.09510299,-0.016266469,-0.16545722
0.6895301,2.2409728,8.00621,-0.12189379,-0.028448867,-0.2064899
-1.0726024,3.5434184,9.691729,-0.09787806,-0.020804325,-0.16208872
-0.038307227,2.7389667,9.040505,-0.1176701,-0.022130774,-0.21938789
0.30645782,0.93852705,9.80665,-0.11894419,-0.02029818,-0.20886356
0.5746084,-0.90021986,8.082825,-0.07625344,-0.019233529,-0.10274753
0.6895301,3.1603463,9.461885,-0.07072074,-0.018308504,-0.08496263
-0.91937345,1.6280571,8.810662,-0.16805775,-0.049288098,-0.24479988
-0.4213795,3.5434184,5.133168,-0.16474162,-0.0230558,-0.26394615
0.19153613,5.1906295,7.8912888,-0.087301366,0.040893063,-0.16032594
0.11492168,0.6703765,10.534488,-0.064734265,0.07332128,-0.14955726
0.34476504,1.8195933,13.67568,-0.055047683,0.048904125,-0.08234464
0.6512229,0.8619126,9.232041,-0.062936574,0.014817845,-0.050981067
0.8810662,3.8115692,5.8226986,-0.06660176,-0.007784168,-0.042603485
1.4939818,4.3861775,12.411542,-0.049200833,-0.04187045,0.05703736
0.34476504,1.7046716,10.381259,-0.039671335,-0.058468528,0.098087505
0.7661445,1.4748282,9.002198,-0.03303908,-0.070005156,0.1208466
0.6895301,3.3518825,8.734048,-0.039531708,-0.06033603,0.089919366
0.22984336,1.436521,8.619126,-0.09218829,-0.096359625,0.011082841
-0.22984336,3.6583402,6.703765,-0.090024084,-0.10234611,0.024399703
0.15322891,3.5051112,6.703765,0.03874631,-0.036774088,0.24033184
-1.1492168,-0.59376204,7.0102224,0.15444419,0.03488913,0.40418336
1.8387469,-0.36391866,12.143391,0.13325588,0.03911283,0.33349752
0.4213795,0.82360536,11.262324,0.07164577,0.02549926,0.20130627
-0.15322891,0.82360536,4.9799395,-0.016179202,-8.73E-04,0.02815216
-0.7661445,4.0414124,7.699753,-0.21954496,-0.061854467,-0.40036106
0.7278373,1.283292,10.228029,-0.3270747,-0.08105309,-0.6578495
-0.22984336,3.4284968,14.326903,-0.23314108,-0.03317871,-0.50799555
0.45968673,5.803545,7.5082164,-0.15885986,-0.006440265,-0.39409533
1.1492168,3.3901896,6.2823853,0.02289872,0.06263987,-0.061627574
2.2218192,4.6926355,10.534488,0.25375342,0.15210545,0.38718385
1.3024458,1.1300632,15.437813,0.2527586,0.14430383,0.40674898
1.1875241,0.90021986,11.60709,0.14341371,0.07702138,0.23436281
1.4173675,3.1986535,8.504205,0.08155923,0.036966074,0.12554154
-1.1492168,2.4708161,6.742072,0.05318018,0.027279496,0.059707712
0.8810662,2.4708161,8.236053,0.047106437,0.02724459,0.028291788
0.9959879,0.40222588,10.496181,-0.029147,0.011030481,-0.14332643
0.49799395,0.7086837,8.350976,-0.11499974,-0.0591143,-0.2792352
-0.34476504,3.5434184,7.2783732,-0.08892453,-0.06574655,-0.2350784
-0.38307226,3.620033,7.6614456,0.052447144,0.009756391,0.035552356
0.7661445,2.7389667,8.963891,0.13341297,0.053983033,0.18767525
-0.38307226,2.0111294,8.887277,0.23722515,0.097755894,0.38594466
0.5746084,2.8921957,10.726024,0.25939083,0.10072295,0.43762386
0.038307227,2.27928,12.29662,0.26598817,0.076113805,0.4954117
0.91937345,1.7812861,6.588843,0.16343263,0.020455258,0.340409
-0.2681506,2.5474305,6.6271505,0.06312856,-0.013491395,0.15018559
1.2258313,1.2449849,8.580819,-0.19154988,-0.13589133,-0.3093945
1.3790601,1.3599066,11.645397,-0.2233847,-0.15330972,-0.39767328
0.34476504,2.1643584,10.342952,-0.07698647,-0.08463102,-0.13884094
-1.3790601,3.0454245,10.840945,-0.006754424,-0.036110863,-0.020839231
-0.2681506,3.2752678,9.232041,-0.013212143,-0.017889624,-0.050230574
0.61291564,0.4405331,10.6877165,-0.04358087,-0.017488198,-0.11112511
0.80445176,1.3215994,13.101071,-0.07522369,-0.045134213,-0.13873622
0.8810662,4.654328,7.6614456,-0.013247049,-0.016301375,-0.027401669
-0.038307227,2.6240451,8.504205,0.06063274,0.013578662,0.11245156
1.3790601,3.122039,6.7803793,0.11056661,0.00439823,0.23750441
0.11492168,1.091756,10.572795,0.036669366,-0.07695156,0.18559831
0.19153613,1.283292,10.802638,0.007958702,-0.101264,0.16081464
-0.9959879,3.8115692,11.798626,-0.03968879,-0.0853466,0.031049408
-1.1109096,1.4748282,7.201759,-0.13346533,-0.09520771,-0.1722291
0.34476504,2.7389667,8.963891,-0.08306022,-0.039217547,-0.12948598
1.2258313,1.5897499,10.228029,-0.06799803,-0.007225663,-0.1455081
-0.30645782,1.0151415,9.308656,-0.10218903,-0.00301942,-0.24740042
1.4173675,3.3901896,9.423578,-0.10389945,-0.0082205,-0.23877849
-0.61291564,3.7732618,6.9719152,-0.0657291,0.022357667,-0.1821251
1.6472107,3.6583402,4.7500963,-0.03450516,0.023230333,-0.110776044
0.4213795,2.815581,7.0485296,0.058887407,0.045099307,0.079639375
0.9959879,1.7046716,12.028469,0.1691224,0.07539822,0.28857273
0.91937345,-0.36391866,15.246277,0.11006046,0.049532443,0.17027432
-1.685518,2.6240451,6.5122285,0.045413468,0.019844394,0.051766466
-0.61291564,5.3438582,6.8569937,0.003385939,0.023719024,-0.063180916
-0.9959879,3.1603463,10.6877165,-0.026947884,0.07648033,-0.22432716
-0.7661445,0.9768343,7.8146744,-0.017034413,0.120741874,-0.3057817
0.8810662,1.6280571,9.002198,-0.006771877,0.115697876,-0.33232814
1.3024458,0.51714754,5.861006,0.04576253,0.076532684,-0.19144517
-0.22984336,4.8458643,6.5505357,0.07941248,0.05794493,-0.06551966
-0.076614454,2.4708161,8.121132,0.10180505,0.040578905,0.006859144
0.2681506,2.3175871,12.679692,0.14053391,0.04464552,0.10506882
0.91937345,3.0071173,9.883265,0.20774654,0.08955284,0.23595107
-0.15322891,1.091756,10.879252,0.14316936,0.057491146,0.11466813
1.5705963,2.087744,8.082825,0.07599164,0.020123646,-0.003246313
0.038307227,1.8195933,10.381259,-0.048677232,-0.037594393,-0.21380283
0.61291564,1.7429788,9.80665,-0.2147104,-0.12152728,-0.5047318
0.45968673,3.083732,9.270349,-0.25277603,-0.14758503,-0.56782544
-0.61291564,1.2449849,8.0445175,-0.14716616,-0.10505137,-0.37379718
0.4213795,1.934515,9.653421,-0.010489428,-0.033859387,-0.11847295
-0.5746084,5.1523223,12.181698,-0.02141519,-0.057752945,-0.10290461
1.1109096,3.0071173,9.768343,-0.04207989,-0.074612826,-0.10529571
-0.5746084,1.6280571,7.6614456,-0.040927973,-0.07457792,-0.07763225
1.9153614,2.930503,4.7500963,-0.009128072,-0.051591933,-0.00286234
-0.15322891,3.083732,5.66947,0.044924773,-0.028483773,0.119659774
-0.2681506,3.3518825,5.631162,0.13782865,0.003612832,0.3157475
-0.2681506,1.9728222,9.883265,0.10058332,-0.014835299,0.2527935
0.61291564,-0.47884035,12.143391,0.05312782,-0.041626103,0.15507251
0.11492168,2.27928,10.381259,-0.087057024,-0.12412781,-0.12025318
-0.15322891,2.96881,7.431602,-0.1719673,-0.15144221,-0.299132
-0.34476504,2.27928,7.0485296,-0.07566002,-0.08183849,-0.14283775
2.183512,2.2026656,11.722012,-0.020315632,-0.0310145,-0.05873033
1.1492168,0.7086837,10.726024,0.00270526,-0.025534166,3.84E-04
0.45968673,3.7732618,14.211981,0.001745329,-0.020594886,0.005585054
0.038307227,3.7349546,11.300632,0.040770892,-0.02549926,0.10759955
-0.11492168,1.1300632,8.00621,0.04724606,-0.017383479,0.10662217
1.3024458,4.999093,9.461885,0.10180505,0.013857914,0.19369663
1.4556746,4.462792,11.147403,0.12320279,0.018744836,0.21479768
0.9576807,2.777274,9.078813,0.1010022,-0.017523106,0.18376571
0.038307227,1.5131354,7.5082164,0.09670869,-0.020490166,0.1767844
0.80445176,2.96881,10.304645,0.040352013,-0.032951817,0.06988298
1.0726024,-0.05746084,10.91756,-0.1712517,-0.11367329,-0.3384717
-0.49799395,6.2249246,11.951855,-0.2170666,-0.13007939,-0.43071234
0.7661445,3.6966474,7.5848308,-0.15416493,-0.09901253,-0.31304225
0.45968673,3.3901896,6.5505357,0.27392942,0.100635685,0.48743555
0.45968673,1.8962077,11.147403,0.27848473,0.105732046,0.48144907
0.61291564,0.90021986,10.764331,0.14667746,0.03413864,0.2496519
0.6512229,1.9728222,9.155427,0.09604547,0.004712389,0.17137387
0.6512229,3.964798,8.734048,0.06386159,2.79E-04,0.10908308
-0.19153613,2.930503,5.2863975,0.113236964,0.032009337,0.19069467
0.11492168,4.5777135,6.7803793,0.17664477,0.10035643,0.2640334
0.22984336,2.3558946,8.350976,0.2523397,0.14863224,0.3806214
0.7661445,0.21068975,15.667656,0.1699427,0.09855874,0.2618343
0.6512229,2.3942018,13.40753,0.07637561,0.05014331,0.10288716
-0.91937345,3.8881836,6.9719152,-0.04384267,-0.008115781,-0.10236356
0.5746084,3.620033,9.921572,-0.082117744,-0.018221237,-0.16203637
0.7661445,3.7732618,10.496181,-0.051801372,0.026546458,-0.1351932
0.91937345,1.8962077,10.266336,-0.025900686,0.04358087,-0.10297442
1.8387469,3.3518825,7.431602,0.011397,0.042970005,-0.007016223
0.2681506,0.9768343,10.611102,-0.03785619,0.003630285,-0.06604326
0.30645782,1.3599066,11.224017,-0.09424778,-0.02284636,-0.15125023
0.7661445,2.087744,9.883265,-0.20495401,-0.07887143,-0.34058356
-0.7278373,1.934515,7.6614456,-0.278572,-0.11194542,-0.4632453
0.5363012,2.3942018,8.887277,-0.20254546,-0.06791076,-0.31881928
-0.34476504,3.5817258,4.5202527,-0.091734506,-0.003822271,-0.14688691
1.532289,2.930503,4.6351743,-0.001972222,0.03700098,0.017034413
0.45968673,2.1643584,10.994174,-0.023561945,0.017470745,-0.017907077
1.0726024,-0.1340753,12.29662,-0.1508488,-0.04235914,-0.2300693
1.7238252,-0.8619126,9.002198,-0.25556856,-0.09925687,-0.43627995
0.30645782,5.305551,6.742072,-0.21114993,-0.080634214,-0.35765287
-0.7278373,3.620033,6.8569937,-0.11159635,-0.038816124,-0.16809265
0.4213795,-1.436521,9.040505,-0.12077679,-0.049532443,-0.17287487
0.80445176,2.2409728,10.764331,-0.23355997,-0.109030716,-0.35957274
0.5746084,0.90021986,8.312668,-0.3064449,-0.1476374,-0.47476447
1.3790601,2.6623523,8.619126,-0.32211795,-0.14873695,-0.5150292
0.842759,3.1603463,6.933608,-0.1874309,-0.08817403,-0.26569146
-0.2681506,3.083732,6.933608,-0.04098033,-0.026441738,0.005637413
0.15322891,3.466804,10.611102,0.0503702,0.022828907,0.15687019
-0.22984336,0.17238252,11.070788,0.091821775,0.041765727,0.23232077
0.076614454,1.2449849,11.492168,0.017592918,0.006667158,0.07419395
-0.076614454,4.3861775,8.236053,-0.09269444,-0.05958554,-0.14187782
0.22984336,3.5051112,7.393295,-0.12761848,-0.06557202,-0.23821999
-0.34476504,3.8881836,8.274361,-0.07836528,-0.04087561,-0.14807373
0.15322891,0.78529817,10.419566,0.05215044,0.02453933,0.113306776
2.2601264,-0.90021986,9.078813,0.09637708,0.05497787,0.19830431
1.532289,3.5817258,9.883265,0.06291912,0.033370696,0.1444609
-1.1109096,3.0071173,7.5465236,0.012287118,0.008150687,0.04893903
-0.6895301,1.436521,4.367024,0.038501963,0.021380283,0.09375909
-0.30645782,4.003105,8.465898,0.09934414,0.05602507,0.17788395
1.4556746,-0.63206923,11.18571,0.1414764,0.07876671,0.25609216
2.566584,1.6280571,9.11712,0.12203342,0.07309439,0.23767893
1.1492168,3.3135753,8.772355,0.07442084,0.047630034,0.15725416
-0.5363012,1.8962077,10.304645,0.057194438,0.036861353,0.14182545
0.7661445,1.2066777,11.224017,-0.007278023,0.003525565,0.020402899
0.8810662,1.8962077,10.649409,-0.06976081,-0.027611108,-0.1328021
0.038307227,4.0414124,8.121132,-0.007120943,-0.007487462,-0.029269172
0.19153613,5.2289367,7.6614456,0.13447762,0.060178954,0.24891886
0.7278373,2.930503,11.300632,0.23731242,0.095452055,0.47253045
0.9576807,2.2026656,11.147403,0.11313224,-0.010245083,0.29297096
1.0726024,2.0494366,8.350976,0.07405432,-0.08159414,0.2838429
-0.61291564,0.17238252,6.0525417,0.09838421,-0.08756317,0.33885568
0,2.3942018,8.963891,0.10801843,-0.04722861,0.28187066
0.38307226,1.1300632,10.036493,0.08609709,-0.03296927,0.18790215
1.8770541,0.7469909,7.776367,0.03954916,-0.05215044,0.07272787
1.532289,3.122039,12.028469,-0.06997025,-0.158249,-0.101630524
-0.9576807,2.432509,9.768343,-0.08511971,-0.16702801,-0.15001105
1.3024458,3.5051112,5.401319,-0.053616516,-0.14905111,-0.1412146
0.5363012,5.267244,7.393295,0.06195919,-0.059829887,0.061418135
-0.6895301,2.2026656,9.461885,0.081437066,-0.034278266,0.07885397
-0.038307227,2.7006595,10.994174,0.13871877,0.017383479,0.18486528
0.8810662,2.432509,10.419566,0.14426892,0.010140363,0.21533872
0.4213795,3.5434184,8.274361,0.16046557,0.009389872,0.27022934
0.5363012,2.7389667,10.189722,0.10906562,-0.01303761,0.17929767
0.45968673,0.93852705,9.80665,-0.061645027,-0.09025098,-0.18744837
-0.038307227,3.7732618,9.730036,-0.11088077,-0.1052259,-0.31232667
-0.38307226,5.267244,7.6614456,-0.04452335,-0.052307516,-0.2247635
0.038307227,4.4244847,8.082825,0.034417894,0.062535144,-0.17341591
0.45968673,2.96881,9.346964,0.19659388,0.1616524,0.117513016
0.80445176,-0.21068975,11.990162,0.23492132,0.1588075,0.22062707
1.0342951,1.7046716,14.978126,0.08267625,0.068451814,-0.033580136
0.15322891,3.5434184,9.461885,0.08337438,0.06347763,-0.021240657
-0.61291564,3.8115692,7.5082164,0.15542157,0.10082767,0.13768902
-0.2681506,3.466804,13.369223,0.14810865,0.121300384,0.1041438
1.4173675,2.0111294,12.679692,0.07255334,0.095713854,-0.04782202
1.340753,0.8619126,9.883265,0.001850049,0.03626794,-0.15369369
0.076614454,6.646304,11.951855,-0.03747222,-0.003176499,-0.21383774
0.61291564,3.5051112,10.457873,-0.06642723,-0.01792453,-0.24757496
-1.340753,3.0454245,6.205771,0.003228859,0.016214108,-0.10744247
0.15322891,3.8881836,6.742072,0.09946632,0.090931654,0.034225907
-0.34476504,1.8579005,10.189722,0.15306537,0.14454816,0.09738937
1.1492168,0.7086837,11.109096,0.14135422,0.14079571,0.04886922
1.1492168,2.4708161,8.810662,0.073809974,0.07476991,-0.049654618
-0.38307226,0.8619126,8.925584,-0.21001546,-0.13451253,-0.55464816
-0.5363012,2.1260512,8.236053,-0.3858923,-0.23596852,-0.9215862
0.4213795,2.6240451,6.8186865,-0.2539454,-0.1667313,-0.6499257
0.038307227,-0.63206923,5.094861,-0.035325464,0.00424115,-0.259513
0.11492168,3.4284968,9.346964,-0.028099801,0.03508112,-0.2664594
-0.2681506,3.2752678,7.6231384,-0.05831145,2.44E-04,-0.31075588
0.49799395,0.019153614,5.2863975,-0.11779227,-0.04441863,-0.3928038
0.6895301,3.5051112,7.776367,-0.13124876,-0.066723935,-0.42029274
-1.5705963,0.1340753,8.925584,-0.07508406,-0.04485496,-0.29525736
0.8810662,-0.17238252,9.730036,-0.16626006,-0.09665633,-0.48488736
0.38307226,3.3518825,9.078813,-0.30468214,-0.16201891,-0.82789695
0.30645782,3.466804,9.193734,-0.33044317,-0.18753563,-0.87605053
0.91937345,1.3599066,5.8226986,-0.26490608,-0.15783012,-0.7181681
-0.6512229,1.091756,9.002198,-0.29686305,-0.18065903,-0.7657981
0.34476504,2.432509,11.415554,-0.23748694,-0.18247417,-0.59655356
0.19153613,3.3901896,9.998186,-0.16875589,-0.13578662,-0.43237042
0.22984336,2.96881,9.500193,-0.06791076,-0.052394785,-0.22155209
0.038307227,2.4708161,9.576807,0.07920304,0.026424285,0.09466666
-0.45968673,3.8498764,10.611102,0.08728392,0.032201324,0.0959233
0.45968673,3.7732618,11.377247,0.1375494,0.06723008,0.20046851
0.15322891,3.3135753,8.810662,0.20322613,0.100967295,0.34182274
0.6512229,2.2026656,6.703765,0.19310322,0.08150688,0.32529446
0.038307227,4.0414124,12.449849,0.2141868,0.07847001,0.36360446
1.3024458,1.6280571,11.032481,0.18966493,0.041119955,0.31969196
0.2681506,0.47884035,10.6877165,0.10937978,-0.0230558,0.14480996
0.076614454,0.51714754,6.8569937,0.051609386,-0.075607665,0.042970005
-0.38307226,4.654328,7.1251445,0.09730211,-0.044087015,0.1502903
-1.340753,1.7046716,5.363012,0.11492993,-0.00148353,0.16292648
-1.2641385,1.0534488,5.554548,0.097179934,0.004590216,0.12632693
0.6895301,0.82360536,10.457873,0.07346091,0.030264009,0.03141593
0.6895301,1.3982137,9.730036,-0.016109388,0.010140363,-0.18718657
-0.2681506,6.1866174,9.040505,-0.035918877,-0.008726646,-0.25740117
-0.15322891,2.7006595,6.6654577,0.022340214,0.015463617,-0.14388494
-0.80445176,2.432509,7.929596,0.102782436,0.06503097,0.007871435
1.4939818,1.0534488,12.5264635,0.08065166,0.048066366,-0.037192967
0.45968673,0.82360536,9.232041,-0.0871792,-0.062133722,-0.3763628
0.7661445,2.777274,9.270349,-0.1990897,-0.12843879,-0.59315014
0.15322891,3.3135753,8.772355,-0.19120082,-0.144234,-0.5614899
0.6895301,1.7812861,9.576807,-0.14795156,-0.118176244,-0.47062802
0.7278373,2.3942018,10.036493,-0.11095058,-0.095452055,-0.36795032
1.4939818,2.777274,8.350976,-0.03197443,-0.057386424,-0.21582742
-0.4213795,3.8115692,7.5082164,0.16964601,0.046774823,0.18381807
-0.038307227,0.82360536,9.346964,0.18442895,0.055134952,0.2104518
-0.15322891,0.9768343,9.193734,0.06850417,-0.01308997,-0.029583331
0.19153613,-0.2873042,12.105083,-0.21427408,-0.25727898,-0.55742323
0.15322891,2.6623523,9.270349,-0.21293017,-0.24078563,-0.5518033
-0.076614454,3.8115692,6.6654577,-0.12185889,-0.17133898,-0.37353536
0.11492168,0.51714754,5.209783,-0.08049458,-0.13402383,-0.2937389
1.0342951,4.0797195,9.002198,-0.07803367,-0.117844634,-0.28426176
0.11492168,1.7812861,11.530476,-0.09532988,-0.12355186,-0.3162362
0.9959879,0.59376204,6.8569937,-0.1219287,-0.12920672,-0.36733943
0.19153613,3.6966474,8.350976,-0.051242866,-0.09061749,-0.20181242
0.22984336,1.5897499,8.00621,-0.036163222,-0.07195993,-0.1780934
-0.19153613,3.1603463,10.802638,-0.028326694,-0.06419321,-0.1839228
0.91937345,1.0534488,11.109096,-0.012234758,-0.059341196,-0.15037757
1.0726024,-0.019153614,11.377247,-0.16592845,-0.13850933,-0.4803495
-0.45968673,2.930503,10.649409,-0.26597074,-0.16575392,-0.657832
-0.34476504,1.8579005,6.167464,-0.31091297,-0.15816173,-0.7415031
-0.5363012,3.466804,5.7843914,-0.22792254,-0.10093239,-0.5660626
0.8810662,2.5091233,8.772355,-0.09264208,-0.04024729,-0.27415633
1.4939818,1.3599066,12.181698,-0.031206487,-0.013299409,-0.14196508
0.842759,0.7086837,10.572795,0.113568574,0.049288098,0.15582299
0.4213795,3.3135753,8.542512,0.09115855,0.02422517,0.10819296
-0.6512229,3.2369606,11.109096,0.102450825,0.008307767,0.13802063
0,0.82360536,9.653421,0.060946897,-0.01584759,0.048258353
0.5746084,1.6280571,10.304645,0.03387684,-0.02422517,-0.013892821
-0.30645782,1.8579005,5.8226986,-0.002495821,-0.049654618,-0.092816606
-0.15322891,5.1140146,7.469909,0.01792453,-0.03354523,-0.056478854
-0.5746084,1.436521,9.11712,0.04152138,-6.81E-04,-0.01595231
-0.38307226,0.90021986,9.998186,0.030892327,0.036494836,-0.043563418
0.91937345,3.6966474,9.5385,0.05375614,0.054087754,-0.003804818
-0.38307226,2.0111294,8.082825,0.124756135,0.10325368,0.13110913
-1.1875241,3.6966474,10.802638,0.1950929,0.13753195,0.26389378
0.49799395,4.4244847,10.457873,0.26136306,0.16475908,0.39744636
0.15322891,0.4405331,9.232041,0.1603434,0.10124655,0.21458822
-0.11492168,4.999093,11.990162,0.07628834,0.038955748,0.070109874
-0.15322891,1.0151415,8.963891,0.04925319,0.024958208,0.030508354
0.49799395,2.6240451,10.419566,0.062378068,0.030752702,0.06485643
-0.19153613,4.1946416,9.270349,0.06354744,0.04335398,0.062308256
-0.19153613,2.2409728,8.6574335,0.06511823,0.10274753,0.029251719
-0.11492168,2.96881,9.615114,0.13309881,0.15418239,0.14519393
0.34476504,3.4284968,11.109096,0.23841198,0.22122048,0.34601152
0.5363012,2.1643584,11.33894,0.28635618,0.26246262,0.45204028
-0.22984336,2.4708161,7.73806,0.15826645,0.17023942,0.26008895
0.8810662,2.3942018,7.8529816,0.0877377,0.12067206,0.17620844
-0.5363012,4.1946416,12.832921,0.07456046,0.08751081,0.22612485
0.6512229,2.6240451,12.411542,0.05305801,0.07572984,0.1929287
0.4213795,0.93852705,10.6877165,0.030281462,0.05235988,0.14749777
-0.8810662,5.1140146,10.572795,0.014590953,0.031782445,0.11623893
0.7278373,3.6583402,8.0445175,0.02232276,0.030997047,0.14135422
0.45968673,0.8619126,9.193734,0.037175514,0.03906047,0.1616524
0.038307227,3.9264908,11.951855,0.027488936,0.039235003,0.14461797
0.4213795,1.5897499,10.726024,0.034540065,0.046233773,0.15845844
-0.076614454,2.6240451,8.350976,0.029164452,0.06702064,0.16898277
-0.30645782,3.6583402,8.887277,0.0172264,0.09934414,0.1579872
-0.45968673,2.930503,7.201759,0.007958702,0.10447541,0.14097025
1.3024458,1.5514427,8.734048,0.022200588,0.09759881,0.19795524
1.0726024,1.8195933,9.844957,0.015830137,0.077911496,0.2017077
-0.49799395,1.4748282,10.840945,-0.005986479,0.06620034,0.18282324
1.8387469,3.0454245,11.070788,-0.070581116,0.032882,0.080634214
0.61291564,2.2409728,9.002198,-0.10515609,0.006038839,0.026965337
-0.7661445,3.6583402,7.929596,-0.07805113,0.011117747,0.05969026
1.2641385,4.501099,9.730036,-0.039985493,0.0286234,0.1407259
1.1109096,1.0151415,10.228029,0.03721042,0.059253927,0.3112271
0.076614454,2.5474305,12.871228,0.050056044,0.033161256,0.37622318
1.3790601,3.6966474,9.576807,-0.012740904,-0.036983527,0.29133037
0.15322891,2.432509,8.887277,-0.04337143,-0.058887407,0.28185323
-0.4213795,3.7349546,9.385271,-0.019128809,-0.038414698,0.34739032
0.4213795,1.436521,8.619126,0.007278023,0.003996804,0.38250637
0.6512229,1.8195933,8.542512,0.020420352,0.024399703,0.3976558
-0.7661445,2.432509,9.308656,0.020682152,0.033143803,0.38074356
-0.11492168,0.32561144,8.810662,-0.09342747,-0.011780973,0.18645352
1.1492168,1.3215994,12.564771,-0.26446974,-0.085486226,-0.13156292
0.5363012,2.6623523,8.274361,-0.24684192,-0.0731642,-0.1131846
1.3024458,0.93852705,8.00621,-0.2757795,-0.106168374,-0.19088666
1.7238252,2.7006595,9.615114,-0.20669934,-0.090669855,-0.057054814
0.30645782,1.2449849,8.963891,-0.15868534,-0.062273346,0.047996555
0.34476504,5.0757074,11.798626,-0.13479178,-0.05087635,0.097267196
0.30645782,2.815581,8.580819,-0.15945327,-0.056653388,0.02480113
-1.4173675,3.466804,5.3247046,-0.08304276,-0.010786135,0.16297884
-0.2681506,2.7006595,7.73806,0.005654867,0.060370937,0.3061133
-0.30645782,-1.0534488,9.615114,0.020437805,0.12599532,0.28344148
1.6089035,0.32561144,11.262324,-0.10655235,0.09777334,-0.01891937
0.80445176,3.5051112,10.496181,-0.25905922,0.006475172,-0.34079298
-1.0726024,4.1946416,7.73806,-0.14086552,0.04914847,-0.11571533
-0.5363012,4.0414124,8.121132,-0.09155997,0.07278023,-0.055047683
0.11492168,1.2066777,9.500193,-0.06510078,0.08932595,-0.02019346
0.9576807,0.40222588,6.2823853,0.006771877,0.10250319,0.13573426
0.34476504,3.9264908,5.7843914,0.093636915,0.115226634,0.31660274
-0.4213795,2.087744,7.5848308,0.23439772,0.18434167,0.5839697
0.6512229,1.283292,10.381259,0.2678033,0.20127137,0.6401868
1.0342951,1.2066777,13.599066,0.16310102,0.15351915,0.4087561
1.2641385,1.8579005,11.224017,0.1020145,0.11674507,0.26808256
-0.34476504,3.2369606,6.167464,0.057491146,0.09667379,0.15650368
-0.038307227,-0.51714754,5.439626,-0.01792453,0.057176985,-0.03577925
0.6512229,1.7429788,10.496181,-0.23387411,-0.07028441,-0.5188864
1.532289,0.9768343,9.002198,-0.32464868,-0.13105677,-0.7285702
-0.22984336,2.7389667,9.308656,-0.21951006,-0.108943455,-0.53613025
-0.30645782,0.24899697,6.8186865,-0.121457465,-0.07770206,-0.31625366
0.30645782,1.2449849,10.419566,-0.06944665,-0.05190609,-0.20018926
0.076614454,5.6120086,12.641385,-0.08110545,-0.06921976,-0.20528562
1.0342951,3.9264908,8.925584,-0.07361799,-0.10177015,-0.13610077
-0.2681506,4.271256,8.542512,-0.051399946,-0.11869984,-0.05342453
0.45968673,1.0534488,9.844957,-1.92E-04,-0.08194321,0.04098033
-0.842759,-0.32561144,6.8569937,0.004904375,-0.052237704,-0.001047198
0.6895301,-0.63206923,10.764331,-0.14554301,-0.11321951,-0.36337754
0.30645782,0.4405331,10.0748005,-0.18975219,-0.12835151,-0.48497462
0.2681506,1.8962077,7.967903,-0.20902063,-0.13334316,-0.5188166
0.5363012,4.3478703,11.951855,-0.15531684,-0.10578441,-0.41561526
-0.19153613,3.7732618,7.699753,-0.046146505,-0.048101272,-0.18969983
0.19153613,1.5897499,9.730036,-0.024521876,-0.021170843,-0.1357168
1.4556746,0.05746084,10.419566,0.07180285,0.024853488,0.09901253
1.7621324,3.1603463,8.504205,0.1566433,0.06436774,0.29770082
-0.2681506,5.4204726,6.3589997,0.3031986,0.13604842,0.6514092
-0.6895301,4.003105,7.2783732,0.47357765,0.22043508,1.0268121
-0.38307226,-1.6280571,10.113108,0.3705683,0.1826138,0.7858345
1.0342951,1.3599066,9.346964,0.23457225,0.112835534,0.4932824
0.30645782,2.0494366,9.270349,0.12634438,0.050963614,0.2498788
-0.8810662,2.1643584,11.33894,-0.00132645,-0.02469641,-0.037594393
