1.1492168,4.309563,10.304645,0.17474237,0.10798352,0.2496519
0.7661445,4.5394063,11.530476,0.20690878,0.1192758,0.33580133
0.30645782,7.297527,9.270349,0.14885913,0.0675966,0.320425
0.15322891,5.3821654,9.500193,0.17215927,0.080145516,0.35679767
0.45968673,5.1140146,10.228029,0.21507692,0.113236964,0.3763628
0.2681506,1.3599066,11.798626,0.3214373,0.17655751,0.5002463
-0.22984336,2.432509,10.802638,0.4200484,0.23314108,0.6053849
1.0726024,3.1986535,11.109096,0.40458477,0.21916099,0.5806187
0.15322891,3.7732618,10.534488,0.22441444,0.122940995,0.359852
1.2258313,2.5091233,9.691729,0.16158257,0.07974409,0.3015231
2.4516625,2.4708161,11.109096,0.07079055,0.014922565,0.20725785
1.5705963,5.803545,10.189722,-0.013508848,-0.0712967,0.19524999
-0.9576807,2.585738,8.121132,0.006073746,-0.098576196,0.3039491
0.11492168,2.6623523,5.899313,-0.006457718,-0.10009463,0.25782004
1.5705963,1.5514427,8.082825,-0.07548549,-0.106395274,0.05263913
3.9073372,3.7349546,11.453861,-0.14227924,-0.1351932,-0.08906415
0.5746084,5.7269306,8.542512,-0.26462683,-0.20132373,-0.2616772
0.11492168,3.0454245,9.155427,-0.1871691,-0.1614255,-0.20902063
0.076614454,3.964798,10.342952,-0.12505284,-0.12630948,-0.17060593
0.842759,3.1603463,8.695741,-0.1084024,-0.11185815,-0.20219639
2.0685902,2.1260512,8.274361,-0.17830284,-0.1425585,-0.3188542
-0.45968673,4.6926355,7.3549876,-0.27265534,-0.19336502,-0.44809583
0.38307226,1.6663644,7.929596,-0.2800381,-0.18938568,-0.48113492
-0.11492168,1.1300632,7.240066,-0.24185027,-0.16147786,-0.4439245
1.9536686,0.90021986,9.346964,-0.17116444,-0.09562659,-0.41112974
3.5625722,1.5897499,10.879252,-0.24218188,-0.1237962,-0.5093918
0.80445176,3.9264908,8.542512,-0.34566244,-0.1873262,-0.61617106
-0.30645782,4.3861775,8.542512,-0.2841745,-0.13924237,-0.5505816
-1.2641385,4.501099,10.91756,-0.16205382,-0.037088245,-0.4213225
0.49799395,3.620033,9.385271,-0.095434606,0.02729695,-0.3570071
0.34476504,4.0797195,7.8912888,-0.049864057,0.075450584,-0.307719
0.2681506,2.1643584,10.879252,-0.004049164,0.09583603,-0.2165779
0.80445176,1.6663644,9.653421,0.007347836,0.11328932,-0.21820106
3.1794999,2.6240451,12.947843,-0.011519173,0.09719738,-0.23923229
1.1492168,3.3518825,10.840945,-0.22622958,-0.04527384,-0.51019466
0.9959879,5.2289367,7.431602,-0.25399777,-0.07871435,-0.5180835
0.5363012,5.0757074,11.032481,-0.12737413,-0.03721042,-0.2727077
-0.5746084,2.2026656,8.925584,-0.05576327,-0.010681415,-0.13336061
0.22984336,1.7046716,10.764331,0.001029744,0.005148721,-0.010803588
0.4213795,3.3518825,7.086837,0.01425934,-0.010437069,0.055780724
0.11492168,5.2289367,9.5385,0.15009831,0.043895032,0.28818876
-0.49799395,2.96881,4.673482,0.27181756,0.12672836,0.4060683
0.076614454,1.3599066,9.921572,0.30726522,0.15807447,0.39032543
0.38307226,1.283292,7.1251445,0.20783381,0.20160298,0.04145157
-0.2681506,4.76925,7.967903,0.15063937,0.21286036,-0.12390092
-1.3790601,0.9768343,8.121132,0.04860742,0.1335875,-0.21223204
0.4213795,3.3518825,6.588843,-0.109536864,0.047263514,-0.4680973
0.6512229,2.8538885,8.465898,-0.15011577,0.03010693,-0.5498311
-1.4939818,1.7046716,8.389283,-0.11458086,0.05066691,-0.5107706
0.6895301,4.8458643,8.00621,-0.09061749,0.08059931,-0.5093743
0.91937345,2.3175871,10.151415,-0.03181735,0.17666222,-0.5142787
1.685518,3.2752678,9.193734,-9.25E-04,0.17713347,-0.4479213
0.038307227,4.1946416,9.461885,-0.08068657,0.09552187,-0.4830548
0.7278373,2.3558946,7.776367,-0.13027138,0.044069562,-0.49860567
0.6512229,0.82360536,8.925584,-0.14479251,-4.01E-04,-0.46848127
0.6895301,5.497087,13.560759,-0.14287265,-0.045361105,-0.37241834
0.91937345,3.2752678,12.143391,-0.13425073,-0.10311405,-0.23794073
0.9959879,2.432509,9.270349,-0.14215706,-0.17500417,-0.12639675
0.80445176,3.3135753,6.7803793,-0.14933038,-0.21942279,-0.049270645
0.30645782,0.59376204,7.3166804,-0.09993755,-0.18764035,0.021694442
-1.340753,0.4405331,11.070788,-0.028745573,-0.12781046,0.09925687
0.22984336,3.3518825,7.699753,-0.052726395,-0.118839465,0.01574287
3.1794999,3.0454245,10.496181,-0.039880775,-0.09398598,0.015376351
0.076614454,3.7349546,12.488156,-0.043231804,-0.0901288,0.003822271
0,3.2369606,11.224017,-0.05920157,-0.13243559,0.05630432
1.2258313,2.6623523,8.887277,-0.084823005,-0.2290221,0.16657422
1.6089035,1.2449849,7.929596,-0.0803375,-0.259513,0.2518161
-1.1492168,4.0414124,8.0445175,0.024469515,-0.1836959,0.42682028
-1.4556746,3.8115692,9.078813,0.16971582,-0.039357174,0.56616735
1.3024458,5.0374002,9.385271,0.11304498,-0.013351769,0.3729245
0.6512229,1.3215994,7.431602,0.084997535,0.054716073,0.1752485
0.6895301,3.964798,10.994174,0.1150172,0.07639306,0.20008455
-0.7278373,2.2409728,11.836933,0.1270076,0.10588913,0.17086773
-0.842759,3.6583402,10.994174,0.12109094,0.13154547,0.09941395
0.91937345,2.2409728,9.998186,0.076358154,0.11906636,-0.003141593
1.0342951,4.6160207,6.8569937,-0.05050983,0.044401176,-0.17948966
-0.38307226,2.5091233,6.3589997,-0.007714355,0.049323004,-0.049759336
0.61291564,3.8115692,7.240066,0.038292523,0.04464552,0.07632325
0.4213795,2.2026656,10.457873,0.05099852,0.003508112,0.18128735
-0.11492168,0.1340753,8.0445175,0.116361104,0.043668136,0.26614526
1.1109096,2.0494366,9.615114,0.08363618,0.018622663,0.19149752
-2.2984335,2.087744,4.9799395,0.059445914,-1.05E-04,0.14330898
0.38307226,3.620033,5.631162,0.055850536,0.020856684,0.08229227
0.5363012,4.1180267,10.496181,0.07604399,0.03417355,0.0771261
2.9496565,3.1603463,9.385271,0.023649212,0.010367256,-0.021589722
-0.4213795,2.6623523,11.147403,-0.039880775,-0.052394785,-0.110008106
-0.9959879,2.3942018,5.056554,-0.06379178,-0.062517695,-0.15461873
0.49799395,4.960786,5.899313,-0.072902404,-0.053459436,-0.19538961
-0.2681506,2.3942018,9.500193,-0.07096509,-0.02687807,-0.22973768
-0.19153613,3.964798,13.752295,-0.04982915,-0.006457718,-0.19999728
1.0342951,5.305551,10.342952,0.004956735,0.001082104,-0.052237704
1.2258313,5.4204726,10.381259,0.121474914,0.0527613,0.16212364
-0.38307226,3.6583402,10.266336,0.15714945,0.06234316,0.22926645
-2.6431987,-1.8195933,9.346964,0.11711159,0.025726153,0.21846285
-0.15322891,1.6663644,9.998186,0.077597335,0.008883726,0.14761995
-0.91937345,6.0716953,11.070788,0.087632984,0.02851868,0.15486306
-0.5746084,2.815581,8.121132,0.08758062,0.038467057,0.13281955
1.3790601,4.232949,10.840945,0.10899581,0.08471828,0.081698865
-0.9576807,3.7732618,12.411542,0.15674803,0.07867944,0.20479694
1.6472107,3.8881836,10.611102,0.15395549,0.058067106,0.22869049
1.4173675,0.51714754,10.113108,0.086481065,0.005253441,0.13767157
1.5705963,1.8962077,10.228029,0.05544911,-0.028797932,0.13397147
-0.15322891,-1.2066777,4.7884035,0.010053096,-0.085730575,0.15170401
0.6895301,1.8579005,9.270349,-0.08155923,-0.16453218,0.09159488
-1.2641385,-0.6703765,3.217807,-0.11913618,-0.18465583,0.045605455
1.3024458,1.6280571,8.082825,-0.177116,-0.19064231,-0.11988667
-1.4939818,2.0494366,7.8912888,-0.23602088,-0.20851448,-0.2601413
1.0726024,4.5777135,9.002198,-0.30131364,-0.21607175,-0.41259584
0.7661445,3.1986535,6.5505357,-0.27790877,-0.13791592,-0.4853586
1.340753,4.232949,5.133168,-0.25041983,-0.026092673,-0.5927487
-0.22984336,1.5897499,9.615114,-0.182352,0.026598819,-0.49661598
-1.9153614,-0.8619126,11.18571,-0.13739231,0.05597271,-0.4140968
-0.11492168,1.2449849,8.6574335,-0.14693926,0.041364305,-0.36442474
-2.2218192,-1.3982137,7.8912888,-0.20453514,0.017174039,-0.44594908
1.0726024,2.5091233,7.240066,-0.31662017,0.015132004,-0.67282444
-2.566584,-0.5554548,3.1794999,-0.34355062,0.012793263,-0.7293207
0.61291564,3.2369606,7.1251445,-0.3209486,0.13473941,-0.8259596
1.0342951,3.2752678,8.963891,-0.18233454,0.22968532,-0.6252642
1.2258313,3.7349546,8.695741,-0.13601351,0.28342402,-0.582364
0.91937345,3.7732618,8.236053,-0.12967797,0.25984463,-0.5386086
0.11492168,2.3558946,11.990162,-0.15044738,0.21678734,-0.52361625
0.5363012,0.59376204,10.879252,-0.17851228,0.11782718,-0.482601
1.8004397,1.2066777,10.189722,-0.13934709,0.098663464,-0.36882296
0.4213795,3.964798,9.5385,-0.10824532,0.033004176,-0.21331415
2.1452048,6.9144545,11.645397,-0.08051204,-0.07962192,0.002583087
0.076614454,2.7006595,8.350976,0.09004153,-0.13924237,0.4919734
-0.076614454,3.7732618,11.492168,0.1698729,-0.12922418,0.66216046
0.6512229,3.122039,8.42759,0.24663247,-0.09279916,0.77665406
-1.1492168,0.40222588,6.0142345,0.1841846,-0.08758062,0.60746187
1.532289,1.9728222,8.082825,0.14526375,-0.08620181,0.5105437
0.34476504,4.3478703,8.312668,0.13421582,-0.13562953,0.53597313
1.1109096,4.003105,7.3549876,0.1216669,-0.114039816,0.47322857
0.842759,1.3215994,10.036493,0.12695526,-0.11868239,0.51412165
1.1875241,1.8962077,10.228029,0.075206235,-0.15226252,0.45638615
-0.11492168,3.5051112,7.6614456,0.090338245,-0.12957324,0.4732111
1.3024458,6.0716953,6.3206925,0.22256438,-0.038362335,0.6518281
0.2681506,2.1260512,8.350976,0.43821725,0.086655594,0.9645737
-1.6472107,-1.4748282,3.6391866,0.5069309,0.14243633,1.0230596
1.5705963,1.1683705,6.4739213,0.2765125,0.05503023,0.622175
3.8307228,4.654328,10.611102,0.2016379,0.052394785,0.42514476
1.4173675,3.0454245,7.5848308,0.15495034,0.06443755,0.2797588
1.3024458,5.4204726,13.790602,0.018936822,0.026703538,0.021694442
0.61291564,3.8498764,9.385271,0.042690754,0.03693117,0.06928957
-1.3790601,-1.3215994,3.7541082,0.04392994,0.03947935,0.08148942
0.7661445,1.091756,8.197746,0.003717551,0.020402899,0.021380283
3.2944214,6.83784,13.522451,-0.033632495,-0.005707227,-0.041015238
0.5363012,6.7612257,11.224017,-0.03778638,-0.024417156,-0.012042772
-1.340753,1.7046716,7.3549876,-0.004886922,-0.01860521,0.06709046
1.7238252,3.0454245,9.040505,0.06000442,0.02617994,0.12894492
-0.5746084,1.8195933,11.492168,0.09302605,0.04881686,0.16257742
1.8387469,4.501099,8.0445175,0.06887069,0.03440044,0.12618731
0.45968673,3.1986535,6.090849,0.04543092,0.019966567,0.09817477
-0.9959879,0.78529817,11.60709,0.007784168,0.004014257,0.048066366
0.2681506,2.27928,12.334928,-0.07730063,-0.041381758,-0.08058185
1.6089035,2.777274,9.921572,0.005061455,-0.036826447,0.121876344
0.5746084,5.0374002,9.615114,0.026057765,-0.043022364,0.18092082
-1.4173675,4.654328,8.42759,0.026354471,-0.03223623,0.14957471
2.030283,2.6623523,9.193734,0.10206685,0.025062928,0.2175902
1.7238252,2.1260512,9.155427,0.06974336,0.009704031,0.15365879
-0.34476504,3.5434184,9.998186,0.040002946,-0.003211406,0.11346386
-1.1109096,1.5897499,4.2521024,0.047577675,0.003071779,0.1415462
-0.6895301,1.436521,6.5505357,0.049532443,0.021135937,0.13727015
2.2218192,6.83784,13.522451,0.04173082,0.039008107,0.07127925
-0.076614454,1.091756,10.726024,0.023195425,0.02953097,0.041364305
-0.4213795,-0.32561144,2.873042,0.019792033,0.019181168,0.06883579
0.6895301,4.309563,5.209783,0.02480113,0.014503686,0.054576445
-0.30645782,2.777274,5.2480903,0.035377823,0.013788101,0.04722861
1.0726024,4.5394063,8.848969,0.061156336,0.03302163,0.07408923
3.4476504,4.76925,13.67568,0.045727625,0.06747443,-0.033440508
0.6895301,4.5777135,9.193734,0.014102261,0.042900193,-0.038798667
-0.6512229,2.3175871,5.0182467,0.05338962,0.07916813,0.036704276
0.61291564,3.083732,5.93762,0.041678462,0.13187708,-0.06873106
0.5363012,4.1946416,10.151415,0.009459685,0.12646656,-0.13004448
0.80445176,4.999093,8.197746,0.004049164,0.1068316,-0.12712978
-0.19153613,3.5817258,10.419566,-0.027541295,0.106308006,-0.21193533
1.4556746,3.9264908,9.346964,-0.001815143,0.10859439,-0.16662659
-1.1492168,4.4244847,6.5505357,0.008901179,0.07871435,-0.101264
-0.5363012,2.432509,9.232041,0.05841617,0.08136725,-0.00705113
-1.1492168,0.59376204,8.848969,0.01850049,0.041573744,-0.028187068
0.9576807,4.3861775,4.1371803,-0.05405285,0.029216811,-0.19732693
0.38307226,3.5051112,6.090849,-0.05644395,0.024417156,-0.19334757
0.5363012,5.9184666,7.929596,-0.035866518,0.04038692,-0.11047934
0.2681506,2.0494366,12.373235,-0.007888888,0.03876376,-0.032742377
0.9576807,5.0374002,12.717999,-0.07689921,-0.06291912,-0.041207224
-0.038307227,5.0374002,7.469909,-0.06921976,-0.11651818,0.06595599
-0.49799395,0.6703765,6.588843,-0.0082205,-0.07566002,0.113149695
-0.9576807,3.3901896,8.810662,-0.007435103,-0.04330162,0.047856927
-0.6895301,1.4748282,10.381259,0.004886922,-0.0283616,0.0535467
-0.5363012,2.7389667,9.461885,-0.09581858,-0.07546803,-0.12892747
-0.5746084,3.964798,6.205771,-0.21956243,-0.11477285,-0.36219072
0.30645782,2.5474305,8.963891,-0.25982717,-0.108123146,-0.4774348
-0.45968673,3.6966474,8.312668,-0.33377677,-0.088854715,-0.6979397
0.6512229,4.271256,9.691729,-0.33438763,-0.05651376,-0.7448367
2.9879637,7.297527,8.465898,-0.24179791,-0.048712138,-0.5419422
0.45968673,5.3438582,8.42759,-0.072797686,-0.03457497,-0.14430383
1.0726024,5.6120086,11.798626,0.33896038,0.028344147,0.7810872
-0.2681506,1.1683705,11.300632,0.32244956,0.015777776,0.77508324
-0.49799395,3.3518825,12.871228,0.13791592,-0.06661922,0.505011
-0.49799395,3.4284968,8.197746,0.060772363,-0.06899287,0.32993704
0.34476504,3.8498764,5.363012,0.034016468,-0.017959438,0.14631096
0.22984336,2.6240451,9.078813,0.006300638,0.052185345,-0.06723008
0.45968673,1.8579005,10.189722,-0.094369955,0.00827286,-0.24684192
0.15322891,0.8619126,10.6877165,-0.1629614,-0.046722464,-0.3403392
0.5746084,1.7812861,11.60709,-0.126484,-0.05794493,-0.23886576
0.15322891,4.271256,10.342952,-0.068294734,-0.024678955,-0.11768755
0.22984336,1.4748282,8.312668,-0.051557027,-0.043266714,-0.029914944
0.038307227,0.78529817,9.193734,0.050911255,-0.018483037,0.19788542
-0.49799395,2.2026656,9.232041,0.09986774,-0.015481071,0.32754594
-0.8810662,4.654328,7.929596,0.09559168,-1.57E-04,0.31545082
-0.7661445,-0.6703765,6.8186865,0.09843657,0.035796702,0.29016098
-0.076614454,-0.90021986,8.465898,-0.084404126,0.046670105,-0.15718435
2.336741,3.1603463,10.304645,-0.1990897,8.55E-04,-0.38327432
0.38307226,5.45878,8.274361,-0.2945592,-0.015725417,-0.6100275
-0.4213795,2.3558946,6.167464,-0.17416641,0.07880162,-0.49336967
1.4173675,1.7429788,8.42759,-0.059498273,0.11063642,-0.27171287
2.1452048,4.1180267,11.262324,-0.056269415,0.068032935,-0.17577212
0.49799395,2.7389667,10.572795,-0.07812094,0.03117158,-0.16283922
-0.7661445,1.7429788,9.959879,-0.073146746,-0.021607175,-0.063599795
2.183512,4.1946416,8.312668,-0.11561061,-0.056164697,-0.10236356
-0.19153613,3.3901896,8.6574335,-0.05693264,-0.06613053,0.07983136
0.076614454,0.93852705,9.270349,0.006318092,-0.043249257,0.17935003
-0.22984336,-0.1340753,13.254301,-0.033056535,-0.050806534,0.072797686
0.842759,2.087744,12.143391,-0.059044488,-0.06843436,0.030386182
0.80445176,2.5474305,7.6614456,-0.08332202,-0.08300786,-0.014032447
1.6472107,0.095768064,6.8186865,-0.06611307,-0.07616617,-0.002391101
0.4213795,0.82360536,12.488156,-0.14090043,-0.15008086,-0.10864674
1.685518,1.7812861,11.683704,-0.14702654,-0.20210913,-0.09072221
1.4173675,2.432509,10.113108,-0.11582005,-0.22148228,0.030281462
-1.2258313,2.7389667,10.457873,-0.040142573,-0.15065682,0.12468632
0,-0.17238252,6.5505357,-0.028955013,-0.13248794,0.13938199
1.3790601,0.7086837,10.649409,-0.058328904,-0.1343729,0.082187556
1.4556746,0.51714754,8.350976,-0.06455973,-0.117338486,0.06332055
1.340753,4.1180267,10.6877165,-0.09601056,-0.11550589,0.003752458
0.9576807,2.8538885,6.9719152,-0.08264134,-0.08803441,0.007714355
0.7278373,2.3942018,11.33894,-0.040352013,-0.072500974,0.08805186
-0.45968673,0.5554548,10.304645,0.004171337,-0.04447099,0.13339551
0.5746084,2.3558946,9.002198,-0.001815143,-0.040439278,0.07812094
-0.6512229,3.6583402,10.534488,-0.007539822,-0.040578905,0.006824237
1.2641385,3.2752678,7.0485296,0.002740167,-0.02370157,0.009005899
0.842759,2.0494366,8.121132,0.00726057,-0.006649705,0.004817109
2.030283,2.7006595,9.270349,-0.003176499,-0.012601277,-0.004852016
0,3.9264908,11.87524,-0.088697635,-0.04283038,-0.12728687
1.1875241,4.1180267,8.6574335,-0.1044405,-0.04464552,-0.1436755
1.8004397,4.4244847,9.883265,-0.06735226,-0.022113321,-0.089762285
-0.6512229,2.930503,6.6271505,-0.036826447,2.27E-04,-0.046844635
1.532289,3.6583402,8.465898,-0.026686084,0.04639085,-0.09588839
1.1109096,3.5051112,11.453861,0.02008874,0.05164429,0.016790068
-1.5705963,1.934515,10.457873,0.06405358,0.06106907,0.09520771
-0.5746084,2.2026656,7.1634517,0.052883476,0.08189085,0.018325957
0.91937345,2.27928,8.350976,0.028693212,0.07080801,-0.04972443
0.49799395,1.436521,10.189722,0.045046948,0.09005899,-0.05984734
-0.80445176,-0.51714754,8.695741,-0.003996804,0.12004375,-0.23300146
0.7278373,1.3982137,9.078813,-0.0824319,0.062692225,-0.33218852
1.3024458,3.3901896,9.883265,-0.043476153,0.05588544,-0.21279055
-1.1875241,1.7429788,9.308656,0.016179202,0.051190507,-0.025883233
0.7278373,1.7812861,10.0748005,0.008307767,0.0286234,0.014852752
0.9959879,2.087744,8.465898,-0.02427753,0.006265732,-0.03728023
0.22984336,4.309563,7.6614456,0.006475172,0.02284636,0.014398966
-0.22984336,3.6966474,10.91756,0.03741986,0.034924038,0.05487315
1.3790601,4.309563,8.925584,0.023963371,0.02989749,-0.013561208
0.4213795,4.232949,9.346964,0.042498767,0.029670598,-0.018779743
-0.22984336,0.90021986,8.887277,0.015899949,0.008709193,-0.07070329
-0.11492168,1.1683705,10.419566,-0.059952058,-0.009162978,-0.22985986
0.5363012,3.9264908,7.0485296,-0.13850933,-0.031258848,-0.3700447
-0.49799395,4.156334,5.9759274,-0.09346238,-0.016423548,-0.2652377
1.3790601,1.283292,8.6574335,-0.044401176,0.006073746,-0.15706217
1.1875241,0.095768064,12.794614,-0.032829642,0.018465584,-0.098087505
-0.076614454,-0.5554548,9.270349,-0.04639085,0.007801622,-0.105819315
0.9959879,3.5434184,5.93762,-0.042952552,0.006091199,-0.08866273
0.4213795,6.2249246,5.209783,0.033073988,0.03424336,0.065327674
-0.91937345,0.6703765,9.346964,0.05312782,0.048642326,0.088784896
2.2984335,0.6703765,10.726024,0.028588492,0.037943456,0.029618237
0.49799395,4.0414124,9.461885,0.009389872,0.027227135,-0.010506882
-0.80445176,5.6886234,8.274361,0.022933627,0.061470497,-0.037873644
1.7621324,3.7349546,9.691729,0.05162684,0.08819149,-0.009826204
0.9576807,2.6240451,11.60709,0.0771261,0.077248275,0.07269296
0.038307227,0.7469909,9.193734,0.034958944,0.052307516,0.014800392
-0.22984336,2.8538885,8.121132,-0.04707153,0.014887659,-0.11400491
0.038307227,2.3175871,7.086837,-0.001919862,0.005375614,0.00424115
-0.2681506,0.7469909,8.542512,0.03932227,0.029112091,0.0606851
1.5705963,1.8579005,13.369223,0.034278266,0.029216811,0.040526547
0.61291564,0.82360536,9.653421,1.92E-04,0.009756391,-0.024574235
1.9919758,1.8579005,9.270349,-0.07202974,-0.028431414,-0.16929694
-0.15322891,5.1523223,8.695741,-0.055588737,-0.0310145,-0.14887658
1.532289,2.3175871,8.389283,0.009215338,-0.025481807,-0.028012535
0.7278373,2.6623523,11.87524,-0.006859144,-0.06218608,-0.023457225
0.61291564,1.8195933,9.768343,-0.031834807,-0.09349729,-0.015882496
1.7621324,4.5777135,9.040505,-0.04335398,-0.12486085,0.026703538
-0.4213795,2.27928,6.8186865,-0.036756635,-0.11021754,0.04087561
1.0726024,2.5474305,11.18571,0.013823007,-0.07730063,0.15018559
0,0.63206923,11.453861,-0.011938052,-0.10372492,0.13210396
1.1875241,2.815581,11.109096,-0.03869395,-0.10353293,0.072082095
-0.038307227,1.7812861,8.42759,-0.013980087,-0.099885195,0.13842206
0,0.5554548,10.419566,0.023684118,-0.080058254,0.20367992
0.91937345,2.087744,11.568783,0.021485003,-0.06063274,0.17545795
-1.0726024,4.8458643,9.5385,0.07152359,-0.03757694,0.27036896
0.8810662,3.964798,9.423578,0.10238101,-0.018116517,0.32445672
0.34476504,3.6583402,10.726024,0.12892747,-0.008080875,0.36894515
-0.45968673,2.1643584,11.224017,0.17201965,0.00153589,0.43333036
0.9959879,2.3942018,11.147403,0.11140437,1.05E-04,0.28565803
-0.91937345,1.0151415,7.3166804,0.064507365,-0.005410521,0.19362682
0.5363012,2.087744,10.036493,-0.03577925,-0.021170843,-0.017208947
-0.6895301,0.5554548,8.6574335,0.007487462,0.020333085,0.015917404
0.80445176,1.5131354,10.457873,0.021205751,0.066985734,-0.03811799
-0.49799395,4.3478703,10.534488,-0.009302605,0.06377433,-0.12650147
1.1492168,2.96881,9.423578,-0.09107128,0.01420698,-0.2742785
0.15322891,3.3901896,10.572795,-0.13337806,-0.02300344,-0.31995377
1.9153614,4.271256,9.232041,-0.06543239,8.20E-04,-0.18222983
-0.61291564,3.9264908,9.730036,-0.038519416,0.007033677,-0.13578662
1.9919758,2.432509,9.998186,-0.03148574,0.011676253,-0.12896238
-0.61291564,0.90021986,10.0748005,-0.033213615,0.00275762,-0.11358603
1.1875241,1.6280571,9.998186,-0.02586578,0.005462881,-0.08564331
0.15322891,1.2066777,10.0748005,-0.016144296,0.003804818,-0.067073
0.076614454,3.5434184,11.109096,-0.022183135,0.001937316,-0.0665145
-0.842759,2.0494366,9.615114,-0.031311207,-0.003612832,-0.06871361
0.91937345,3.7732618,8.695741,-0.027733281,-0.00270526,-0.059288833
0.22984336,2.3942018,6.703765,0.011414453,0.012618731,0.009512045
0.6512229,3.3135753,9.385271,0.09897762,0.038676497,0.16369443
-0.61291564,0.51714754,8.082825,0.06700319,0.016720254,0.11250392
1.0726024,2.2409728,10.840945,0.025411993,-0.01675516,0.056758106
-0.61291564,0.47884035,8.197746,0.020734511,-0.024190264,0.06330309
1.9919758,3.6966474,8.312668,0.034103733,-0.010471975,0.07243116
0,2.0494366,4.711789,0.05384341,0.009791297,0.08698721
1.8387469,3.620033,7.393295,0.071750484,0.031084314,0.07571238
0.30645782,3.5817258,9.615114,0.035185836,0.05576327,-0.044942226
0.38307226,2.930503,11.568783,-0.05440191,-0.002007129,-0.18863519
0.61291564,2.432509,8.580819,-0.08627162,-0.011030481,-0.28799677
0.38307226,3.620033,8.963891,-0.0588525,-0.00127409,-0.23650956
0.9576807,1.3599066,11.109096,-0.035342917,0.005288348,-0.18107791
-0.34476504,0.93852705,10.151415,-0.027611108,-8.90E-04,-0.1757372
0.076614454,4.271256,9.193734,-0.02677335,0.021223204,-0.21347122
-1.4556746,5.5737014,6.397307,0.028064894,0.048380528,-0.12388347
0.4213795,4.1180267,8.619126,0.07853982,0.08700466,-0.06775368
-0.38307226,0.24899697,10.189722,0.08981464,0.10901327,-0.074298665
1.9153614,0.78529817,10.0748005,0.0389732,0.090826936,-0.18018779
-0.30645782,1.283292,7.8912888,-0.025097834,0.02417281,-0.22895229
0.2681506,2.8921957,7.201759,-0.06955137,-0.009686577,-0.2830575
0.5363012,2.087744,7.1634517,0.014294246,0.023020893,-0.1017527
-0.38307226,0.32561144,10.304645,0.046355944,0.027227135,0.001343904
1.6472107,2.930503,11.109096,-0.001134464,0.007295476,-0.04244641
-1.1492168,4.462792,9.270349,-0.011100294,-0.010768682,-0.03473205
0.7661445,2.930503,8.848969,0.001064651,-0.007574729,-0.012583824
0.076614454,2.2409728,9.5385,0.04569272,0.014241886,0.08189085
0.9576807,2.4708161,7.393295,0.004660029,-6.11E-04,0.011065387
0.7661445,1.9728222,8.350976,-0.02719223,-0.019093903,-0.05883505
-0.5363012,1.6663644,7.2783732,-0.016196655,-0.012007865,-0.04749041
0.038307227,3.083732,9.308656,0.01584759,0.011257374,0.026581364
0.11492168,0.7086837,9.921572,-0.027314402,-0.006597345,-0.03864159
0.842759,1.4748282,9.653421,-0.13697344,-0.049706977,-0.21214478
0.842759,3.6583402,8.42759,-0.19039796,-0.06932448,-0.28565803
0.076614454,2.930503,6.933608,-0.11320206,-0.04246386,-0.124913216
0.61291564,2.3942018,7.6614456,-0.0458498,-0.010192723,-0.010105456
-0.076614454,-0.095768064,7.699753,0.060720004,0.045151666,0.15566592
-0.19153613,-0.7086837,9.615114,-0.015865043,0.005445427,0.002722714
0.30645782,3.2369606,8.542512,-0.08210029,-0.013997541,-0.150587
1.5705963,2.5091233,7.469909,-0.07105235,-0.014433873,-0.1333257
0.6895301,3.3135753,8.465898,-0.03817035,-0.004118977,-0.08349655
0.2681506,0.7469909,9.691729,-0.005759587,0.006265732,-0.02549926
0.15322891,0.63206923,10.649409,-0.03918264,-0.007347836,-0.070581116
0.91937345,0.82360536,10.266336,-0.049270645,-0.013351769,-0.079656824
1.2258313,3.5817258,7.469909,-0.056374136,-0.013526302,-0.077422805
-0.19153613,3.122039,9.921572,-0.020263273,-0.015795229,0.025150195
-0.30645782,1.6663644,12.105083,-0.017278759,-0.045361105,0.05836381
-0.6512229,1.2449849,13.713987,-0.046198864,-0.07295476,0.040718533
1.1492168,3.8881836,7.8146744,-0.0789587,-0.07309439,-0.030647982
0.038307227,4.999093,6.090849,-0.058433622,-0.0673348,0.007539822
-0.22984336,3.083732,6.3206925,0.032463122,-0.018971728,0.14662512
-0.5746084,0.7086837,9.193734,0.10667452,0.02019346,0.25408503
0.7661445,-1.091756,11.683704,0.04483751,0.002146755,0.15182619
0.91937345,3.1603463,9.615114,-0.034278266,-0.025726153,0.022392575
1.4939818,4.3861775,7.8912888,-0.036041047,-0.029967302,0.02857104
-0.038307227,4.5777135,6.435614,-0.020402899,-0.057438787,0.092903875
-0.038307227,2.777274,10.266336,0.029548423,-0.038292523,0.18784979
1.3024458,-1.2066777,10.0748005,0.11025245,0.024644049,0.28002062
0.91937345,3.8498764,12.411542,0.1870993,0.069359384,0.4068886
0.4213795,4.309563,10.342952,0.27602383,0.121789075,0.5777913
0.45968673,4.9224787,8.542512,0.17470746,0.079237945,0.4192979
0.6895301,3.5817258,10.151415,0.11383037,0.062465332,0.3018547
0.6895301,1.8579005,10.496181,0.06424557,0.045622908,0.21247639
1.340753,0.63206923,10.151415,0.08066912,0.048642326,0.23991296
0.80445176,3.3135753,7.6231384,0.10054842,0.050893802,0.2684491
0.038307227,6.0716953,5.592855,0.12213814,0.06138323,0.30928978
0.8810662,5.2289367,10.228029,0.116291285,0.060021874,0.3084695
0.49799395,-0.40222588,11.722012,0.098244585,0.0418879,0.3085044
0.15322891,-2.5091233,11.032481,0.073391095,0.021293016,0.28523916
0.45968673,1.934515,7.393295,0.06901032,0.019617502,0.263248
0.5363012,2.3942018,3.5625722,0.08710938,0.049427725,0.26096162
-0.038307227,3.3135753,9.423578,0.100967295,0.06586873,0.266058
1.1109096,-0.5554548,11.836933,0.06272713,0.064018674,0.2046224
0.9576807,0.47884035,12.5264635,-0.1030966,-2.44E-04,-0.03494149
1.340753,4.271256,5.3247046,-0.21980676,-0.058241636,-0.22417009
-0.9576807,3.6583402,8.00621,-0.1256288,-0.016720254,-0.08084365
0.9576807,0.8619126,10.802638,0.014486233,0.047856927,0.12383111
0.49799395,2.27928,10.994174,0.016982054,0.054768432,0.107320294
1.685518,4.999093,9.921572,-0.012217305,0.053284902,0.041102502
-0.45968673,4.5394063,7.5082164,-0.00301942,0.057683133,0.05708972
0.4213795,3.2752678,9.615114,0.038589228,0.07543313,0.13234831
0.4213795,0.93852705,9.576807,0.050021138,0.07805113,0.15692255
-0.38307226,2.7006595,10.534488,0.008604473,0.059986968,0.08752826
0.49799395,0.8619126,5.4779334,-0.1336573,-0.003054326,-0.15250687
0.038307227,1.1683705,8.0445175,-0.06740461,0.018325957,-0.050230574
1.1875241,2.6240451,10.994174,0.027855454,0.069516465,0.08555604
0.7278373,2.0494366,8.695741,-0.027174776,0.042341687,0.004974188
0.11492168,3.7349546,8.772355,-0.07035422,0.017400933,-0.07035422
-0.61291564,1.2449849,8.925584,-0.081279986,0.010611602,-0.1031315
1.0342951,2.777274,12.220005,-0.007592182,0.050440013,0.013980087
0.6512229,2.432509,12.181698,0.09581858,0.10232865,0.159558
-0.842759,4.1946416,7.431602,0.06489134,0.08365363,0.11006046
0.45968673,3.6966474,7.8912888,0.011222467,0.04979424,0.02776819
0.076614454,1.2449849,10.802638,0.06365216,0.064507365,0.11664035
0.4213795,1.436521,12.832921,0.09868091,0.071733035,0.16835445
0,2.815581,11.568783,0.069202304,0.052726395,0.11864748
0.6512229,6.301539,7.967903,0.010471975,0.023020893,0.032358404
0.7278373,4.1946416,8.42759,-0.006003933,0.007382743,0.013718287
-0.38307226,1.1300632,10.342952,0.020682152,0.00577704,0.06773623
0.2681506,1.8962077,12.181698,-0.005462881,-0.002548181,0.014294246
-0.61291564,3.620033,10.611102,-0.049270645,-0.024155356,-0.057264253
0.842759,2.2409728,7.240066,-0.002687807,-0.019477874,0.045256387
0.6895301,3.466804,11.415554,0.07911578,0.01680752,0.1728225
0.34476504,1.3599066,11.760319,0.112905346,0.021223204,0.23424064
0.22984336,3.8881836,11.147403,0.04914847,-0.016685348,0.1433439
0.6895301,4.462792,10.304645,0.029880038,-0.040718533,0.11346386
0.2681506,3.8498764,9.078813,0.07459537,-0.0323235,0.1993166
0.45968673,3.3135753,10.113108,0.08702212,-0.013875367,0.19593066
0.30645782,0.7086837,9.844957,0.03267256,-0.033911746,0.10669198
1.1875241,0.8619126,9.80665,-0.003926991,-0.041975167,0.02656391
1.2258313,3.3901896,7.0485296,-0.07028441,-0.06270968,-0.08620181
-0.22984336,3.5051112,8.542512,-0.0376293,-0.04150393,-0.03396411
0.6512229,2.2026656,8.925584,-0.008115781,-0.014957472,-0.011100294
0.5363012,1.3215994,8.619126,-0.07267551,-0.021170843,-0.16585864
1.6089035,3.083732,10.0748005,-0.14833553,-0.05588544,-0.3169867
0.49799395,3.2752678,8.810662,-0.10166543,-0.049898963,-0.20251055
0.5746084,3.2369606,12.105083,-0.058817595,-0.034627333,-0.10723303
-0.30645782,4.7309427,10.189722,-0.060580377,-0.051434852,-0.06981317
-0.11492168,3.4284968,8.121132,-0.005358161,-0.022113321,0.009215338
-0.45968673,1.5514427,9.691729,0.0437205,0.009826204,0.069673546
0.076614454,0.7469909,10.266336,0.06866125,0.022479841,0.10273008
0.6512229,1.4748282,7.393295,0.049549896,0.01860521,0.05551892
0.7278373,4.9224787,7.5848308,0.01850049,0.008115781,-0.008552114
0.4213795,2.7006595,7.929596,0.007190757,-0.001151917,-0.043319073
0.15322891,2.7006595,10.572795,0.04415683,0.014049901,0.027750734
-0.4213795,1.7046716,9.232041,0.063844144,0.023317598,0.07438593
-0.91937345,0.63206923,6.8186865,0.1346347,0.056915186,0.19072957
0.61291564,3.8115692,8.159439,0.13323843,0.06365216,0.16341518
-0.7278373,3.5817258,8.734048,0.09628981,0.045675267,0.09168214
-0.19153613,2.087744,8.350976,0.08049458,0.05164429,0.044069562
0.45968673,1.8579005,8.082825,0.07604399,0.08304276,-0.029548423
0.076614454,2.930503,7.5848308,0.06843436,0.111491635,-0.12486085
1.0726024,2.3175871,9.883265,0.090181164,0.12770574,-0.13110913
0.038307227,1.934515,11.300632,0.07480481,0.10053097,-0.12639675
0.19153613,1.7046716,9.346964,-0.04330162,0.024678955,-0.3007202
0.49799395,2.96881,6.588843,-0.12643164,-0.023474678,-0.4094019
0.8810662,3.8498764,10.6877165,-0.06930702,-0.007888888,-0.28829348
0.19153613,1.3215994,9.040505,-0.009791297,0.013020156,-0.17203711
0.9576807,0.6703765,11.032481,-8.90E-04,0.022794,-0.15299556
0.5363012,2.27928,9.576807,-0.05721189,-9.60E-04,-0.24429373
-0.5746084,3.2369606,8.734048,-0.06510078,-0.004747296,-0.26190412
0.2681506,1.7429788,8.082825,-0.114039816,-0.021205751,-0.37245327
0.5363012,1.4748282,8.619126,-0.124424525,-0.03515093,-0.383763
-0.11492168,3.466804,9.11712,-0.103009336,-0.040142573,-0.3223274
0.7278373,2.2409728,8.6574335,-0.09213593,-0.052778758,-0.28237683
0.5363012,2.585738,10.419566,-0.08025024,-0.08888962,-0.19481365
1.4173675,2.5474305,11.9135475,-0.06892305,-0.12367403,-0.07590437
0.34476504,2.5091233,9.883265,-0.115279,-0.16158257,-0.09986774
0.7278373,4.8841715,9.80665,-0.14208725,-0.170955,-0.11499974
0.45968673,3.8115692,8.734048,-0.0861669,-0.1421047,0.015481071
0.11492168,2.5474305,9.155427,0.013334315,-0.07936012,0.1802227
0.15322891,0.21068975,11.262324,0.028117254,-0.07847001,0.21169098
0.9959879,2.8538885,8.963891,-0.033649947,-0.10660471,0.10438814
0.91937345,4.9224787,8.619126,-0.058747783,-0.099169604,0.036233034
-0.4213795,3.2752678,7.3549876,-0.06445501,-0.10033898,0.01977458
-0.30645782,2.0494366,8.963891,-0.005864306,-0.062535144,0.09850638
-0.30645782,0.2873042,11.33894,-0.003595378,-0.04642576,0.08435176
0.49799395,1.3982137,9.232041,-0.04448844,-0.047350783,-0.001117011
0.8810662,4.6926355,8.121132,-0.050387654,-0.039514255,5.59E-04
-0.11492168,3.9264908,9.078813,-0.036198128,-0.024068091,0.027803095
-0.076614454,2.7006595,8.274361,0.027122416,0.008883726,0.12985249
0.9576807,1.3215994,11.60709,0.10115928,0.04522148,0.25124013
1.3024458,0.5554548,10.572795,0.07958701,0.03424336,0.1916197
-0.4213795,3.9264908,6.3589997,0.036808994,0.012077678,0.09855874
-0.5746084,5.4204726,8.925584,0.065397486,0.027122416,0.1147554
-0.038307227,2.585738,10.419566,0.0789587,0.061086524,0.0559378
1.1875241,1.5897499,12.373235,0.05715953,0.09070476,-0.066985734
0.80445176,1.7046716,7.201759,0.03832743,0.063512534,-0.09194394
0.9576807,3.5434184,8.925584,0.07595673,0.058800142,0.005916666
0.9576807,1.934515,10.036493,0.12627457,0.0707382,0.11243411
-0.15322891,1.7046716,10.189722,0.07813839,0.04660029,0.04782202
0.15322891,3.4284968,7.3166804,0.014014994,0.008639379,-0.017383479
0.15322891,1.436521,8.580819,0.050160762,0.010157816,0.08396779
-0.076614454,-1.1300632,7.8529816,0.09623746,0.023335053,0.18144442
0.45968673,1.4748282,8.963891,0.062936574,0.015969763,0.087877326
-0.22984336,3.6583402,8.963891,0.017400933,-0.001047198,0.009023353
-0.19153613,3.5434184,7.0485296,-0.13548991,-0.0699877,-0.25007078
0.5363012,1.2066777,9.730036,-0.10695378,-0.038187806,-0.22725932
-0.15322891,2.3175871,10.457873,-0.04834562,0.006789331,-0.14243633
0.842759,1.7046716,8.925584,-0.052883476,0.024923302,-0.16051793
0.45968673,3.5434184,9.5385,-0.08785988,-0.013421582,-0.1256288
0.6512229,3.1986535,9.385271,-0.112085044,-0.02979277,-0.124756135
0.61291564,1.8579005,9.615114,-0.06766641,-0.03577925,0.020280726
-0.30645782,2.0111294,10.649409,-0.038362335,-0.02263692,0.07929031
1.4939818,1.7429788,8.734048,-0.0320617,-0.005916666,0.050527282
0.842759,3.5817258,10.91756,-0.028187068,-0.012950343,0.052447144
0.38307226,3.5434184,9.232041,0.012060225,-0.01855285,0.15728907
0.15322891,1.7812861,9.040505,0.08620181,0.014241886,0.2679604
1.5705963,3.3901896,11.33894,0.040526547,-3.32E-04,0.16461946
0.91937345,2.815581,9.959879,0.02586578,-0.03005457,0.16353735
0.7661445,1.1300632,7.086837,0.12831661,0.009512045,0.34869933
0.076614454,0.9768343,11.147403,0.15603243,0.028221974,0.3746524
-0.11492168,0.7469909,12.679692,0.05921902,-0.022916174,0.22682299
-0.2681506,3.3135753,10.228029,-0.058294,-0.07168067,0.022828907
0.5363012,4.3478703,7.8912888,-0.06101671,-0.055571284,0.003455752
-0.038307227,4.271256,8.963891,0.020036379,-0.008290314,0.13648474
0.30645782,2.27928,9.002198,0.04024729,0.019373154,0.119014
0.49799395,1.5897499,8.734048,0.09707521,0.07002261,0.13098696
-0.038307227,2.1643584,8.312668,0.078731805,0.06483898,0.054995324
-0.6895301,2.4708161,8.159439,0.07276278,0.07649778,0.030997047
-0.30645782,0.90021986,9.653421,0.08808677,0.10920525,0.02370157
-0.38307226,0.7469909,9.691729,0.05401794,0.14269812,-0.12156218
0.15322891,2.777274,8.465898,-0.007400196,0.1388235,-0.29894
0.4213795,4.156334,10.036493,-0.05660103,0.107302845,-0.37447783
0.076614454,1.6280571,9.11712,-0.029443704,0.08789478,-0.29517007
0.11492168,1.934515,10.381259,-0.033353243,0.07723082,-0.29443705
0.9576807,2.6623523,8.00621,-0.059341196,0.046024334,-0.33412582
0.30645782,2.815581,9.423578,-0.052185345,0.029548423,-0.29417524
-0.61291564,2.930503,10.304645,-0.023666665,0.030037116,-0.19896753
0.5363012,2.0494366,8.159439,0.024155356,0.0336674,-0.09341002
-0.038307227,2.8538885,10.189722,0.043528512,0.01277581,-0.01813397
0.7278373,3.2752678,9.653421,-0.002460914,-0.020734511,-0.0808262
0.8810662,1.5897499,7.8529816,-0.008621926,-0.034487706,-0.03614577
1.1492168,1.7812861,10.649409,-0.04520403,-0.064926244,-0.06277949
0.5746084,0.2873042,10.266336,-0.1654223,-0.13238323,-0.25029767
-0.45968673,2.2409728,8.504205,-0.20933479,-0.16292648,-0.3138451
-0.30645782,0.90021986,7.5465236,-0.15927875,-0.16313593,-0.1797689
0.4213795,3.6966474,8.542512,-0.1081057,-0.14693926,-0.07599164
0.7278373,4.1180267,10.994174,-0.078016214,-0.11864748,-0.019600047
-0.61291564,2.432509,8.389283,-0.043772858,-0.071593404,0.010890855
0.5363012,2.1643584,7.6614456,-0.037315138,-0.049113564,0.022602014
0.30645782,2.2409728,10.0748005,0.008115781,0,0.05363397
0.49799395,3.5817258,11.33894,0.03933972,0.047647487,0.038519416
2.2984335,3.466804,12.028469,0.015446164,0.07216936,-0.0694641
0.7661445,3.8498764,9.461885,0.001466077,0.033196162,-0.07970919
0.19153613,3.1986535,6.9719152,0.038711403,0.02883284,0.005707227
-0.61291564,1.2066777,8.159439,0.102869704,0.0591143,0.14428636
0.076614454,2.815581,9.002198,0.103026785,0.05900958,0.14083062
0,1.8195933,11.60709,0.02417281,0.012636184,-0.032882
-0.22984336,2.8538885,10.113108,-0.0084823,0.01616175,-0.13486159
0.5746084,2.585738,7.699753,-0.002775074,0.05487315,-0.20823523
0.6512229,3.0454245,10.304645,0.037559487,0.098576196,-0.1484228
-0.30645782,3.9264908,12.028469,0.0837758,0.103340946,-0.008709193
0.5746084,1.6280571,7.6231384,0.18374826,0.13775884,0.19980529
0.61291564,3.5051112,9.691729,0.21743312,0.1452463,0.26483625
1.0726024,3.0454245,9.653421,0.20631537,0.10697123,0.29414034
-1.1492168,2.815581,9.998186,0.16964601,0.031363565,0.34353316
0,3.6966474,8.580819,0.091909036,-0.022776546,0.22427481
-0.076614454,3.2369606,8.542512,0.060074233,-0.025220007,0.17292722
1.4556746,2.96881,9.155427,0.065973446,-0.011693706,0.19203858
0.4213795,1.436521,9.078813,0.08984955,0.012793263,0.21800907
1.2258313,0.82360536,10.266336,0.042481314,-0.003595378,0.12332497
-0.076614454,5.1523223,8.465898,-0.0538085,-0.04960226,-0.06190683
0.15322891,3.6966474,7.469909,-0.030752702,-0.040491637,-0.046286132
-0.038307227,2.0494366,7.5848308,-0.001239184,-0.024731316,-0.003630285
0.15322891,2.0494366,8.159439,0.10618583,0.030560715,0.17777924
1.1875241,2.96881,12.066776,0.12520991,0.04925319,0.20942205
0.30645782,4.654328,11.760319,0.0758171,0.023945916,0.12037536
-0.076614454,2.3942018,8.082825,0.05625196,0.009843657,0.07492699
-1.1109096,1.7046716,7.2783732,0.020158553,-0.01675516,0.015114551
0.11492168,2.6623523,7.2783732,-0.046949357,-0.051173054,-0.12053244
0.7278373,1.6280571,10.457873,-0.17905332,-0.10536553,-0.3505843
0.076614454,1.6663644,6.6271505,-0.27097982,-0.12079424,-0.5494471
0.2681506,3.2369606,8.00621,-0.17266542,-0.02989749,-0.43090433
-0.38307226,2.7006595,9.883265,-0.10932742,0.015446164,-0.3337942
0.5746084,3.8498764,11.415554,-0.09327039,0.044820055,-0.33471924
-0.038307227,2.5091233,9.576807,-0.089186326,0.047630034,-0.33445746
0.5363012,3.620033,10.151415,-0.06262241,0.03417355,-0.2532822
0.91937345,2.432509,10.189722,-0.001361357,0.047577675,-0.14510667
-0.49799395,1.5897499,8.887277,-0.03584906,0.021729348,-0.17512634
0.38307226,5.305551,9.5385,-0.09080948,-0.016074482,-0.2335425
-0.076614454,4.003105,5.9759274,-0.10625564,-0.04171337,-0.20718804
0.19153613,2.432509,7.5465236,-0.04754277,-0.039235003,-0.025272368
0.19153613,-0.4405331,8.963891,-0.015236724,-0.021502456,0.013159783
2.1452048,1.2066777,13.637373,-0.020507619,-0.004852016,0.007784168
0.19153613,3.2369606,10.955867,-0.108227864,-0.046163958,-0.14268066
-0.19153613,2.930503,6.244078,-0.10932742,-0.04740314,-0.13936454
0.11492168,2.432509,9.270349,-0.034103733,-0.016493361,-0.022200588
0.076614454,0.90021986,10.534488,-0.005550147,-0.01314233,0.029688051
0.11492168,2.2026656,10.036493,0.06665412,7.16E-04,0.16990781
0.15322891,3.8498764,9.155427,0.00132645,-0.056635935,0.0689056
-0.4213795,2.930503,8.619126,-0.005323254,-0.08848819,0.079970986
-0.49799395,1.7046716,10.726024,0.01277581,-0.08173377,0.12541936
0.11492168,2.432509,9.576807,0.014172073,-0.055641096,0.10728539
-0.15322891,1.9728222,7.3549876,0.022200588,-0.027488936,0.09334021
0.34476504,5.0374002,8.772355,0.063756876,0.010489428,0.14830063
1.8004397,2.6623523,8.887277,0.12124802,0.06265732,0.20853193
1.4173675,2.2026656,11.262324,0.11402236,0.07426376,0.16013396
-0.4213795,1.5897499,11.18571,0.056845374,0.039426986,0.07126179
1.4939818,3.0454245,8.734048,-0.032166418,-0.008709193,-0.09445722
1.2641385,5.0757074,10.381259,-0.004886922,-0.007731808,-0.056531213
0.6512229,2.585738,7.6614456,0.13718288,0.049846604,0.19947368
0.19153613,1.1300632,9.461885,0.19565141,0.06527531,0.32262412
-0.2681506,1.8579005,10.266336,0.11910127,0.010541788,0.23197171
0.22984336,2.815581,8.695741,0.055431657,-0.018273598,0.13751449
0.80445176,3.5817258,7.8912888,0.057857666,-0.019530235,0.15306537
-0.19153613,2.6240451,10.189722,0.11695451,0.008970993,0.25366616
-0.15322891,1.7429788,7.776367,0.11969468,0.025778513,0.2579073
-0.038307227,1.0534488,7.393295,0.08880235,0.024469515,0.20689133
0.34476504,3.3901896,10.649409,0.047211155,0.009529498,0.12861331
0.8810662,5.6886234,12.143391,0.010402163,-0.012758357,0.060720004
0.2681506,5.0374002,8.197746,0.017156586,-0.009686577,0.059655353
0.49799395,3.2369606,9.193734,0.009058259,-0.028640853,0.06743952
-0.19153613,2.3558946,10.840945,0.006091199,-0.04654793,0.096516706
1.1109096,2.2026656,11.33894,0.03457497,-0.016720254,0.11753047
0.22984336,2.930503,11.300632,0.04145157,-0.012356931,0.12173671
0.80445176,3.964798,7.967903,0.05057964,-8.55E-04,0.13048081
-0.5363012,2.8538885,6.9719152,0.04766494,0.010541788,0.105906576
0.5746084,1.5131354,8.00621,0.078312926,0.03663446,0.1552994
0.038307227,2.3175871,10.419566,0.11325441,0.056007616,0.21755528
0.2681506,0.1340753,9.500193,0.076113805,0.033283427,0.15720181
-0.38307226,2.2026656,9.346964,-0.005044002,-0.006213372,0.011344641
1.3024458,4.9224787,8.389283,-0.065798916,-0.032620203,-0.10016444
1.1109096,2.2026656,7.967903,0.008412487,-4.19E-04,0.015568337
0.6895301,3.1603463,10.342952,0.020210912,-0.003892084,0.032358404
0.076614454,1.283292,12.411542,0.039828412,-0.020280726,0.090268426
0.19153613,4.3861775,9.270349,0.005235988,-0.07745771,0.11264355
-0.61291564,2.8538885,6.895301,0.001413717,-0.07517133,0.12461651
0.4213795,1.1683705,8.695741,0.011746066,-0.03673918,0.093218036
-0.11492168,0.78529817,8.6574335,-0.022026055,-0.041015238,0.016353736
0.49799395,2.27928,7.5082164,-0.106883965,-0.07824311,-0.12774065
0.4213795,3.6583402,7.6231384,-0.027803095,-0.03275983,-0.03042109
-0.6512229,0.8619126,7.201759,0.007295476,-0.002181662,-0.005794493
0.7661445,1.5514427,10.151415,-0.068783425,-0.006143559,-0.17791887
-0.22984336,2.1643584,9.80665,-0.17434093,-0.040491637,-0.36337754
0.61291564,5.267244,10.649409,-0.20722294,-0.057752945,-0.4106236
0.5746084,1.6280571,6.7803793,-0.14294246,-0.03291691,-0.29525736
0.9959879,1.3599066,8.42759,-0.08806931,-0.016842427,-0.1812699
0.076614454,2.5091233,8.695741,-0.069272116,-0.025638886,-0.11238175
0.61291564,3.083732,9.653421,-0.07176794,-0.020071287,-0.118926734
0,3.3518825,7.3549876,-0.19488347,-0.06560693,-0.3474078
0.076614454,2.7389667,7.0485296,-0.22006856,-0.072326444,-0.4094019
-0.80445176,-0.32561144,11.032481,-0.09276425,0.035744343,-0.27469736
0.9576807,1.2449849,10.6877165,-0.16317083,0.06010914,-0.47921506
-0.11492168,3.5434184,7.1634517,-0.24959953,-0.003665191,-0.5871637
1.0342951,5.2289367,7.5082164,-0.21745057,-0.005061455,-0.49897218
-0.038307227,1.9728222,10.802638,-0.13943435,0.006300638,-0.3323805
0.6512229,1.6663644,12.220005,-0.13199925,-0.001797689,-0.30995303
1.1875241,2.3558946,9.423578,-0.16458455,-0.02401573,-0.36121333
0.80445176,3.0454245,8.6574335,-0.15292574,-0.048467793,-0.29174924
0.61291564,3.3901896,8.121132,-0.09679596,-0.057805303,-0.12891002
-0.15322891,2.5091233,10.228029,-0.016982054,-0.022933627,0.030578168
0.15322891,2.2409728,9.002198,0.015271631,-0.008709193,0.09255481
0.80445176,4.3861775,7.2783732,0.06841691,0.027523842,0.16920967
1.5705963,3.9264908,8.848969,0.13779375,0.06239552,0.28228956
-0.11492168,0.51714754,7.699753,0.17002997,0.084840454,0.3163933
-0.34476504,2.6623523,9.921572,0.07543313,0.051382493,0.14287265
-0.5363012,2.4708161,7.776367,0.05766568,0.060021874,0.10609856
0.91937345,4.3478703,9.270349,-0.033894293,0.028082348,-0.072396256
0.038307227,1.3982137,9.423578,0.03843215,0.042638395,0.073216565
0.6895301,4.8458643,11.87524,0.11400491,0.071663216,0.2160543
0.6512229,3.620033,10.802638,0.09738937,0.05677556,0.21130702
0.9959879,2.5091233,11.60709,0.110845864,0.019111356,0.30134854
0.4213795,1.5514427,10.304645,0.11632619,-0.016091935,0.35433674
0.11492168,2.432509,8.887277,0.09162979,-0.0421497,0.3248756
0.34476504,2.7006595,5.2863975,0.07853982,-0.035499997,0.22780037
0.5363012,3.8115692,7.73806,0.05565855,-0.0368439,0.13531537
-0.5363012,1.8195933,9.11712,0.030979594,-0.027017696,0.04834562
1.532289,3.964798,12.603078,-0.046984263,-0.030839968,-0.14510667
0.6895301,2.5474305,10.572795,-0.11222467,-0.06628761,-0.23787092
0.5363012,3.8498764,9.959879,-0.07646287,-0.05305801,-0.14170328
0.4213795,2.4708161,7.3166804,-0.045099307,-0.041748274,-0.071733035
1.0726024,3.5434184,9.5385,0.018779743,-0.032777283,0.08559094
0.49799395,3.2752678,9.232041,0.15179129,0.008866273,0.34574974
1.1875241,1.5131354,10.802638,0.18210766,-0.003106686,0.44306928
0.19153613,3.1603463,9.500193,0.08197811,-0.059044488,0.2853439
1.0726024,3.9264908,7.469909,0.040212385,-0.06892305,0.1979727
0.6895301,3.2752678,10.266336,0.051714107,-0.041975167,0.17039649
0.38307226,2.3942018,9.576807,0.050981067,-0.023928463,0.12774065
0.34476504,1.1683705,10.113108,0.09642944,0.006946411,0.18373081
-0.8810662,1.4748282,9.5385,0.09210102,0.05475098,0.104841925
-0.076614454,3.1986535,8.6574335,0.07382743,0.065816365,0.05735152
-0.4213795,0.5554548,6.6654577,0.05403539,0.0628144,0.038501963
0.9576807,4.3478703,9.11712,0.007574729,0.043161992,-0.016563175
0.61291564,3.964798,9.653421,0.011065387,0.042167153,0.014503686
0.5363012,3.2752678,9.078813,0.06127851,0.066968285,0.09765117
0.7661445,2.0111294,9.078813,0.09562659,0.087702796,0.10266027
1.4939818,2.5091233,11.33894,0.0450644,0.07288495,0.001658063
0.30645782,3.8881836,10.726024,-0.00439823,0.0365821,-0.05721189
-0.19153613,4.309563,9.500193,-0.045134213,0.005253441,-0.10180505
0.2681506,1.436521,8.963891,-0.034208454,0.005096362,-0.06372197
-0.15322891,1.2449849,9.193734,0.001797689,0.019949114,0.015009832
0.9576807,1.7429788,10.189722,-0.016947147,0.010646508,-0.019250982
0.15322891,2.3558946,5.363012,-0.093479834,-0.02490585,-0.1385617
0.22984336,2.5091233,9.270349,-0.12552407,-0.029443704,-0.19045033
1.532289,2.1260512,10.496181,-0.123290055,-0.027820548,-0.18015288
0.7278373,1.3599066,9.844957,-0.050806534,-0.006195919,-0.056915186
0.9576807,3.466804,10.266336,-0.037192967,-0.00439823,-0.020821778
-0.15322891,3.466804,10.6877165,-0.037088245,-0.03932227,0.039217547
-0.7278373,2.3175871,7.699753,-0.011938052,-0.050771628,0.116361104
-1.0342951,1.0534488,10.381259,0.006457718,-0.030787608,0.12636183
0.30645782,3.0071173,10.6877165,-0.016406095,-0.027384216,0.037297685
-0.45968673,3.7349546,8.274361,-0.059131756,-0.03487168,-0.04152138
-0.61291564,2.0494366,7.201759,-0.09944886,-0.024347343,-0.13353515
0.2681506,1.091756,8.0445175,-0.07628834,0.025883233,-0.17994344
1.532289,4.003105,11.645397,-0.06948156,0.027017696,-0.19807741
0.61291564,4.5777135,13.369223,-0.101700336,-0.008726646,-0.23900539
0.11492168,4.960786,8.963891,-0.07646287,-0.011920598,-0.1993515
0.8810662,3.0454245,6.588843,-0.0485027,-0.01558579,-0.13693853
1.1492168,2.815581,9.500193,0.0665145,0.006719518,0.10168288
0.2681506,0.59376204,8.580819,0.16196655,0.029304078,0.28639108
0.4213795,3.4284968,8.734048,0.12152728,0.027331855,0.20666444
0.30645782,4.3861775,8.695741,0.092240654,0.020856684,0.14669493
0.5746084,2.3175871,9.193734,0.11749557,0.050265484,0.13824753
0.15322891,2.6240451,9.270349,0.122050874,0.07419395,0.10267772
1.9153614,3.5817258,10.496181,0.13913764,0.0742114,0.16437511
-0.34476504,3.5051112,8.389283,0.09320058,0.04796165,0.09728465
-0.076614454,3.5051112,9.461885,0.10585422,0.040090214,0.150779
0.11492168,0.40222588,8.772355,0.12500048,0.048485246,0.1725607
0.9576807,0.90021986,9.270349,0.08332202,0.012601277,0.10248573
-1.0726024,4.3478703,7.776367,0.060440753,-0.020786872,0.098820545
0.49799395,3.8881836,6.703765,0.057281706,-0.009616764,0.07016224
-0.038307227,1.3982137,9.308656,0.08941322,0.016406095,0.105260804
1.2258313,1.5897499,11.147403,0.11215486,0.04522148,0.13027138
0.34476504,2.3942018,8.42759,0.04893903,0.040718533,0.004660029
0.38307226,5.1906295,7.699753,0.015917404,0.025621433,-0.013805554
1.1492168,4.462792,9.346964,-0.027960174,-0.001884956,-0.047211155
0,1.6663644,10.113108,0.023876105,0.009302605,0.04564036
-0.5746084,1.2066777,9.730036,0.023090705,-0.01654572,0.09325294
0.45968673,2.1260512,7.5465236,-0.021432644,-0.033632495,4.71E-04
0.11492168,2.930503,8.197746,-0.04865978,-0.03778638,-0.06262241
0.19153613,1.6280571,9.385271,-0.084002696,-0.05274385,-0.12337732
0.5363012,1.2066777,9.078813,-0.05045747,-0.033370696,-0.072902404
0.9959879,3.083732,9.232041,-0.083932884,-0.054681167,-0.11641346
-0.038307227,4.501099,6.742072,-0.08428195,-0.0813498,-0.06394886
1.1109096,3.4284968,10.572795,-0.030927233,-0.06595599,0.039147735
-0.7278373,2.8921957,9.959879,0.021659536,-0.03933972,0.12695526
0.5746084,1.091756,8.810662,-0.026529005,-0.06195919,0.05808456
0.49799395,1.5514427,8.0445175,-0.069848076,-0.07546803,-0.018081611
0.2681506,4.462792,5.554548,-0.099640846,-0.08166396,-0.08229227
-0.5746084,4.309563,8.00621,-0.08634144,-0.06794567,-0.08667305
-0.5363012,0.40222588,8.0445175,0.005550147,-0.010541788,0.04225442
0.7278373,0.095768064,10.572795,-0.06846926,0.002583087,-0.17451547
0.4213795,3.620033,9.500193,-0.17097245,0.011205014,-0.4468741
-0.038307227,4.309563,5.7843914,-0.08740609,0.07019714,-0.3323456
0.9959879,2.7389667,12.794614,-0.012217305,0.086079635,-0.15735888
1.3790601,0.78529817,12.334928,-0.007522369,0.06661922,-0.096202545
0.6512229,2.087744,9.270349,-0.024364796,0.046774823,-0.09756391
0.5363012,4.309563,6.5122285,-0.063250735,0.010192723,-0.14257595
1.340753,3.0071173,8.542512,0.040107667,0.03913028,0.05297074
1.3024458,3.7732618,9.691729,0.08370599,0.046286132,0.15276867
-0.15322891,2.3942018,8.504205,0.0803375,0.020629792,0.1942377
0.5746084,2.0111294,8.389283,0.04279547,0.011205014,0.11294025
-0.45968673,1.934515,7.5848308,0.03324852,0.00720821,0.08880235
0.6895301,4.960786,9.653421,0.035063665,0.015149458,0.060440753
-0.11492168,3.083732,8.389283,0.028117254,0.03359759,0.00572468
0.7278373,2.5091233,9.653421,0.012112585,0.025167648,-0.027104963
-0.22984336,2.3942018,9.423578,-0.010978121,-0.011257374,-0.048537605
1.4556746,1.9728222,9.078813,-3.49E-05,-0.019198623,-0.03396411
0.9959879,4.003105,12.449849,0.016231561,-0.015777776,0.010681415
0.038307227,3.5051112,10.91756,-0.02989749,-0.082606435,0.016283922
0.7661445,3.6966474,8.619126,-0.0977908,-0.16219345,-0.004817109
0,2.432509,7.469909,-0.074787356,-0.14905111,0.023614304
0.45968673,0.9768343,6.129156,-0.037035886,-0.09227556,0.016109388
-0.076614454,2.2409728,8.0445175,0.024975661,-0.0376293,0.08831366
0.80445176,4.3478703,9.576807,-0.05305801,-0.05440191,-0.05639159
-0.5363012,2.777274,9.193734,-0.13639748,-0.03600614,-0.28722882
-0.038307227,2.3558946,7.8529816,-0.121457465,0.01584759,-0.3248756
0.19153613,3.620033,11.262324,-0.038816124,0.059498273,-0.19346975
2.4133554,2.8538885,12.794614,-0.021502456,0.033684853,-0.10145599
1.2258313,4.3861775,9.80665,-0.008098328,0.01829105,-0.03728023
1.1875241,3.2752678,8.389283,0.043912485,-0.026249751,0.17001252
-0.34476504,2.087744,10.113108,0.07798131,-0.05635668,0.33086208
-0.842759,0.7086837,8.121132,0.06569419,-0.043615777,0.29440212
0.15322891,1.8195933,8.236053,0.032532938,-0.037978366,0.20744984
1.532289,4.156334,9.078813,0.035046212,-0.023788838,0.16447982
-0.076614454,1.934515,5.707777,0.035482544,0.017488198,0.07688175
0.45968673,0.17238252,8.619126,0.07401941,0.10098475,0.024923302
0.2681506,3.5434184,10.840945,0.043057274,0.13723524,-0.11309733
0.076614454,5.0374002,9.346964,-0.009878564,0.11419689,-0.19275416
0,4.232949,8.963891,0.011047934,0.081210166,-0.087214105
2.1452048,2.96881,10.879252,0.027733281,0.07096509,-0.035168383
0.6895301,0.78529817,8.887277,0.07358308,0.037926003,0.12337732
-0.15322891,1.3982137,7.6614456,0.072500974,0.006544985,0.16275196
0.61291564,3.122039,8.619126,0.013369222,-0.025028022,0.07295476
1.532289,3.7732618,9.768343,0.021834068,-0.012566371,0.05258677
-0.34476504,1.7812861,10.189722,0.036128316,3.84E-04,0.057543505
-0.15322891,0.32561144,10.113108,0.04576253,0.042498767,-0.020367993
-0.61291564,3.3901896,8.580819,0.062151175,0.11456341,-0.11119492
0.038307227,3.466804,7.0102224,0.02794272,0.12981759,-0.23867378
0.30645782,2.4708161,9.80665,0.03148574,0.10529571,-0.19830431
0.4213795,1.5897499,10.994174,-0.02422517,0.049008846,-0.23502603
1.4173675,2.7389667,9.461885,-0.093148224,-0.004328417,-0.32115802
1.340753,2.8921957,7.776367,-0.12789772,-0.048258353,-0.32958797
-0.15322891,4.1946416,9.921572,-0.10906562,-0.08066912,-0.23387411
0.5746084,2.4708161,10.496181,0.043022364,-0.03530801,0.061627574
0.22984336,1.9728222,9.461885,0.047054075,-0.04283038,0.08313003
0.38307226,2.1643584,8.00621,0.007173303,-0.048136182,0.016842427
1.1109096,4.76925,8.810662,0.0257087,-0.023020893,0.036285397
-0.11492168,3.122039,8.848969,0.05169665,-0.008656833,0.080546945
-0.34476504,1.934515,10.151415,0.05253441,-0.006440265,0.072483525
-0.8810662,1.6280571,9.270349,0.028396508,-0.007470009,0.03598869
0.5746084,2.1260512,7.8529816,0.02289872,0.007138397,0.009948377
-0.038307227,4.4244847,8.42759,0.022706734,0.007941248,0.037402406
-0.076614454,4.0414124,9.653421,0.05185373,0.01966986,0.09854129
-0.038307227,2.815581,10.266336,0.126484,0.05290093,0.21879448
0.9576807,2.1643584,11.18571,0.09447467,0.013700835,0.21364576
1.7238252,3.3901896,8.963891,0.08271115,-0.009616764,0.23221606
1.1109096,4.309563,9.653421,0.115697876,-0.005044002,0.29843384
0.842759,2.96881,11.147403,0.1192758,0.009581857,0.26947883
0.9959879,2.585738,8.925584,0.101124376,0.013508848,0.2261074
-0.22984336,1.8579005,10.726024,0.06822492,0.005305801,0.15812683
-0.19153613,1.3982137,10.726024,0.051068332,0.002460914,0.12679817
1.0726024,2.1260512,11.032481,0.030333823,-0.006736971,0.07014478
0.6512229,2.930503,6.5505357,-0.07553785,-0.048572514,-0.1415462
0.2681506,5.5737014,8.350976,-0.06305875,-0.047420595,-0.15962781
-1.1875241,1.3982137,7.73806,-0.030613074,-0.030822514,-0.14590952
-0.6512229,-0.7086837,9.461885,0.002687807,1.92E-04,-0.087632984
0,2.6623523,8.963891,-1.92E-04,-0.004660029,-0.06724753
0.038307227,3.5817258,5.363012,-0.008360127,-0.010157816,-0.06923721
0.11492168,3.3901896,9.615114,-0.026354471,-0.023945916,-0.10061823
0,2.1260512,10.381259,-0.052866023,-0.04654793,-0.12445943
0.80445176,1.091756,8.465898,-0.0453262,-0.0418879,-0.09623746
1.8004397,4.8458643,11.032481,-0.045012042,-0.035866518,-0.08820894
1.2641385,3.3518825,10.189722,-0.03249803,-0.029164452,-0.067125365
-0.076614454,2.777274,7.8529816,-0.021781709,-0.020769417,-0.046827182
-0.11492168,2.087744,9.500193,-0.018081611,-0.015830137,-0.040212385
0.2681506,1.4748282,13.024457,-0.038292523,-0.021938788,-0.09546951
1.3790601,2.8538885,11.147403,-0.04787438,-0.024870941,-0.12082914
-1.1109096,3.8498764,6.588843,-0.07063347,-0.03544764,-0.12826425
0.5746084,4.654328,9.040505,0.023771385,0.011274827,0.042324234
-0.34476504,0.63206923,10.0748005,0.030578168,0.018046705,0.06674139
-0.34476504,-0.36391866,9.11712,0.017505653,0.021101031,0.064315386
-0.6895301,2.815581,7.393295,0.00132645,0.013910274,0.038309976
-0.19153613,5.6886234,8.121132,0.003228859,0.021188296,0.04612905
0.2681506,3.1986535,10.0748005,0.010663962,0.038990654,0.022881266
0.8810662,2.5474305,9.193734,0.040090214,0.06799803,0.05021312
0.19153613,1.8962077,7.5848308,0.079813905,0.09583603,0.09176941
0.91937345,4.3478703,8.695741,0.07377507,0.09433505,0.06613053
0.4213795,2.2409728,8.00621,0.12424999,0.11679743,0.15116297
1.4556746,2.3175871,8.963891,0.087632984,0.096603975,0.08313003
1.4173675,3.7732618,10.534488,0.086149454,0.07904596,0.1104968
0.49799395,3.620033,9.883265,0.04654793,0.043057274,0.06352998
0.4213795,2.4708161,8.810662,0.02295108,0.025569074,0.03541273
-0.6895301,2.3558946,8.312668,0.005044002,0.021031218,0.011868238
0.038307227,3.9264908,9.844957,0.030962141,0.04098033,0.047769662
-0.38307226,2.6623523,7.967903,0.020472713,0.0400204,0.039200094
1.1109096,2.27928,9.155427,-0.011571533,0.031887166,-0.033143803
-0.842759,2.3942018,8.772355,-0.011868238,0.024644049,-0.021659536
-0.6895301,4.0414124,10.840945,-0.00301942,0.024923302,0.004485496
0.19153613,3.5051112,8.159439,-0.022183135,0.003577925,-0.001029744
0.9576807,2.585738,8.963891,-0.040578905,-0.026371924,0.008185594
1.0726024,2.815581,8.274361,-0.01802925,-0.034958944,0.08447394
1.6089035,3.3518825,11.990162,-0.010088003,-0.044593163,0.14430383
1.3790601,2.3942018,12.258312,-0.012095132,-0.086306535,0.25425956
0.4213795,3.2369606,6.5505357,-0.029914944,-0.1118756,0.24111724
0.34476504,2.1260512,7.5465236,-0.041695915,-0.093479834,0.17379989
-0.076614454,2.585738,6.9719152,-0.043388885,-0.06510078,0.12976523
1.4556746,2.2409728,9.500193,-0.085817836,-0.053791046,0.017174039
0.34476504,3.0454245,8.00621,-0.14283775,-0.065222956,-0.12718214
-0.30645782,3.0071173,7.73806,-0.09374163,-0.03452261,-0.080128066
-0.4213795,1.7046716,9.193734,-0.06897541,-0.025900686,-0.041329395
0.7661445,0.47884035,9.423578,-0.055012777,-0.02167699,-0.041381758
-0.6895301,2.3558946,9.959879,-0.06503097,-0.024644049,-0.0559378
1.4939818,3.2752678,9.385271,-0.12904964,-0.053511795,-0.14912093
0.22984336,5.3438582,9.232041,-0.08578293,-0.04298746,-0.058555797
1.1875241,3.0071173,9.653421,-0.038816124,-0.060650192,0.07140142
0.91937345,2.3942018,11.262324,-0.04939282,-0.0953997,0.11943288
0.5363012,3.2369606,10.151415,-0.09354965,-0.10855948,0.02167699
1.1492168,3.4284968,8.580819,-0.10403907,-0.10173524,-0.03403392
0.6512229,3.5051112,6.6654577,-0.032585297,-0.056793015,0.04722861
0.49799395,2.0494366,9.883265,0.017278759,-0.02698279,0.10742501
1.0726024,0.90021986,12.832921,0.019006636,-0.010855948,0.06588618
0.34476504,2.4708161,11.453861,-0.026912976,-0.021642083,-0.040369466
-0.19153613,4.156334,8.887277,-0.032463122,-0.025621433,-0.05290093
-0.34476504,3.2369606,8.0445175,0.003106686,-2.09E-04,0.003944444
-0.842759,0.6703765,9.730036,0.026092673,0.018081611,0.03778638
0.4213795,1.3982137,10.381259,0.001221731,0.017959438,-0.020245818
-0.15322891,3.0454245,7.8912888,-0.017156586,0.007819075,-0.029147
-0.34476504,2.3175871,7.431602,0.001169371,0.016894788,0.00413643
-0.19153613,1.8579005,8.810662,0.027157323,0.04045673,0.003508112
0.38307226,3.083732,9.346964,0.01319469,0.061208695,-0.06503097
0.80445176,2.585738,8.00621,-0.002234021,0.0930435,-0.15125023
0.49799395,3.7349546,8.887277,-5.59E-04,0.10210176,-0.16123351
0.7278373,2.0494366,10.840945,0.015114551,0.10505137,-0.10634291
-0.6895301,1.6280571,7.73806,0.004433136,0.09819222,-0.12213814
0.4213795,3.2369606,7.929596,-0.061243605,0.06839945,-0.24530603
1.9919758,4.156334,7.5848308,-0.07695156,0.0426733,-0.23912756
0.9576807,5.0374002,9.500193,-0.06560693,0.023771385,-0.20929988
0.2681506,2.1260512,11.224017,-0.026616272,0.019198623,-0.1216669
0.6512229,1.3982137,9.040505,0.009546951,0.012810716,-0.005811947
0.15322891,1.934515,6.742072,-0.035534903,-0.04003785,-0.017784905
-0.15322891,3.2752678,7.967903,-0.041852996,-0.065222956,0.012950343
-0.38307226,1.7429788,6.397307,0.015027285,-0.03820526,0.11705923
0.34476504,2.2026656,7.5848308,0.04960226,-0.009197885,0.14173819
-0.11492168,2.5091233,10.381259,0.036599554,-0.009983284,0.12533209
0.34476504,3.6966474,8.580819,0.005480334,-0.020559978,0.10299188
0.30645782,2.3942018,7.5848308,0.015358897,-0.017418386,0.13325588
-1.2641385,2.7389667,7.967903,0.025324726,-0.006824237,0.1508488
0.45968673,1.0534488,7.5082164,0.02857104,0.012845623,0.12227777
0.8810662,3.083732,9.5385,0.034313172,0.020751964,0.13761921
0.19153613,2.777274,9.883265,0.07154105,0.046373397,0.19011872
0.30645782,2.2409728,8.887277,0.06899287,0.051504668,0.17074557
-0.38307226,2.7006595,8.810662,0.049898963,0.057543505,0.094125606
1.6089035,2.96881,11.070788,0.02136283,0.059725165,0.01706932
0.30645782,2.4708161,8.619126,-0.018971728,0.04321435,-0.042708207
0.9959879,3.964798,7.469909,1.05E-04,0.040282197,-3.84E-04
0.91937345,3.620033,7.699753,0.035534903,0.044662975,0.06112143
0.842759,4.003105,10.457873,0.042428955,0.037332594,0.07136651
1.5705963,3.8115692,11.415554,0.015166911,-0.010716322,0.06047566
0.19153613,5.305551,9.232041,0.048991393,-0.051033426,0.17512634
0.7661445,4.462792,8.887277,0.13140585,-0.02719223,0.2993065
-0.15322891,0.51714754,10.496181,0.19638444,-0.017488198,0.4033107
1.2258313,2.1643584,10.994174,0.08328711,-0.078592174,0.19280653
0.5363012,2.6240451,6.703765,0.01160644,-0.108123146,0.06510078
0.38307226,2.5091233,8.197746,0.017191494,-0.113306776,0.063180916
-0.076614454,0.8619126,10.151415,0.02141519,-0.100478604,0.01584759
0.45968673,0.90021986,10.342952,0.0169646,-0.08758062,-0.022671826
-0.49799395,4.999093,8.772355,-2.09E-04,-0.07826056,-0.056112334
0.22984336,3.8881836,7.0102224,0.011274827,-0.05094616,-0.05873033
-0.45968673,2.930503,10.189722,0.04113741,-0.009285152,-0.08009316
0.80445176,1.5131354,9.232041,0.05899213,0.036966074,-0.1410575
1.1492168,2.2409728,8.312668,0.06117379,0.06286676,-0.1661728
0.842759,5.2289367,8.542512,0.044121925,0.057892572,-0.16097172
0.5363012,4.156334,11.760319,0.05445427,0.04886922,-0.06033603
-0.038307227,0.8619126,12.028469,0.06426302,0.045867253,-0.015498524
2.0685902,2.777274,9.576807,0.03932227,0.03169518,-0.046635196
1.6472107,3.5051112,7.201759,0.022444934,0.01665044,-0.056583576
1.532289,4.654328,9.730036,-0.026337018,-0.015812684,-0.12025318
0.11492168,2.1260512,10.266336,-0.001221731,-0.013857914,-0.052656583
-0.15322891,2.585738,10.0748005,0.0084823,-0.013648475,-0.024574235
-0.5363012,0.78529817,8.00621,-0.07253588,-0.05021312,-0.16706291
-0.7278373,0.9768343,7.1251445,-0.06867871,-0.04574508,-0.16468927
-0.11492168,4.3478703,8.734048,-0.028763026,-0.020542525,-0.11756538
0.7278373,2.815581,6.742072,0.006579891,0.016074482,-0.10124655
-0.076614454,2.432509,9.385271,0.020176006,0.026162485,-0.06106907
0.4213795,1.2449849,9.883265,-0.002897247,0.008412487,-0.085154615
0.34476504,2.27928,7.8146744,0.003263766,-8.55E-04,-0.08525933
1.1492168,3.3518825,12.258312,0.01829105,-0.001064651,-0.059550636
1.532289,2.5091233,10.994174,-0.011205014,-0.015795229,-0.107948616
0.076614454,2.27928,10.457873,-0.0776846,-0.05735152,-0.24052383
2.030283,2.4708161,8.350976,-0.13786356,-0.08412487,-0.34663984
-0.22984336,1.436521,6.7803793,-0.052080624,-0.039828412,-0.20315632
1.8387469,3.3518825,11.224017,-0.030229103,-2.97E-04,-0.19914207
-0.61291564,2.8538885,10.419566,-0.05878269,0.013700835,-0.2812947
-0.6512229,4.232949,8.963891,-0.060528018,0.04235914,-0.32489303
0.2681506,3.5051112,7.8529816,-0.022183135,0.080128066,-0.28984684
-0.9576807,1.3982137,8.00621,0.038816124,0.10168288,-0.16739453
-2.030283,2.777274,7.201759,0.055990163,0.096446894,-0.12086405
-0.6512229,2.8538885,6.3589997,0.058747783,0.10478957,-0.101211645
-0.038307227,3.0071173,9.423578,0.076829396,0.10395181,-0.042603485
1.3024458,2.930503,13.062764,0.053023104,0.073565625,-0.059986968
0.5746084,-0.40222588,9.040505,0.03544764,0.04469788,-0.0723439
0.7661445,3.9264908,8.963891,-0.006475172,0.009773844,-0.10456268
-0.076614454,3.0071173,7.201759,-0.04649557,-0.03911283,-0.12276646
-0.34476504,2.930503,9.730036,-0.011815879,-0.028588492,-0.039985493
-0.30645782,0.63206923,11.951855,0.001099557,-0.003508112,-0.05279621
0.4213795,1.2066777,9.691729,0.005951573,-9.60E-04,-0.075206235
0.4213795,2.6240451,8.082825,-0.05576327,0.002548181,-0.25071654
0.49799395,2.432509,8.159439,-0.062273346,0.010489428,-0.29675832
-0.2681506,1.934515,10.381259,-0.03021165,0.03148574,-0.24776694
2.0685902,2.27928,12.181698,-0.03970624,-0.015323991,-0.22441444
1.4173675,2.777274,9.423578,-0.11620402,-0.13264503,-0.23071507
0.5363012,4.76925,7.3166804,-0.13611823,-0.17929767,-0.18833847
0.6895301,4.0797195,9.730036,-0.15126769,-0.2532822,-0.117443204
0.49799395,3.1986535,9.193734,-0.10560987,-0.28717646,0.030333823
1.340753,2.2026656,9.500193,-0.026092673,-0.23352505,0.20015436
1.3024458,3.9264908,10.151415,-0.008779006,-0.21633355,0.2525666
1.1109096,3.620033,9.232041,-0.01850049,-0.20022418,0.24485224
-0.11492168,2.432509,6.7803793,0.031782445,-0.14269812,0.28553587
0,1.2449849,10.6877165,0.045500733,-0.09616764,0.24930283
0.80445176,2.5091233,10.726024,0.009948377,-0.08965756,0.15332717
1.3024458,3.5434184,9.078813,-0.020141099,-0.086498514,0.079813905
0.5746084,4.6160207,8.925584,0.014660765,-0.047141343,0.1396787
1.0726024,2.6240451,10.611102,0.03417355,-0.033632495,0.18036233
-0.038307227,1.5131354,9.5385,0.050701816,-0.029653143,0.23071507
0.2681506,2.0111294,8.350976,0.037507124,-0.03689626,0.23020893
0.91937345,2.5091233,7.929596,0.05956809,-0.005201081,0.2500882
1.4556746,4.4244847,9.730036,0.0760789,0.020245818,0.24216443
0.5363012,1.5897499,11.645397,0.0916996,0.033946656,0.26972318
0.38307226,2.0111294,8.159439,0.06541494,0.026197392,0.19437732
-0.9959879,2.2026656,7.699753,-0.06445501,-0.01792453,-0.05342453
-0.15322891,4.4244847,6.895301,-0.14793411,-0.018675024,-0.2663896
0.61291564,3.1603463,9.040505,-0.13194689,0.034382988,-0.3330961
-0.038307227,1.5897499,10.381259,-0.07304203,0.10658725,-0.31871456
1.1109096,2.6623523,9.959879,-0.10060078,0.11931071,-0.39704496
1.685518,2.930503,9.461885,-0.08461356,0.0819083,-0.28354618
0.2681506,4.807557,11.377247,-0.06454228,0.051941,-0.193749
0.61291564,1.2449849,7.699753,0.001623156,0.06527531,-0.041434117
-0.2681506,1.1300632,9.385271,0.026651178,0.069516465,0.030822514
0.80445176,2.432509,9.078813,-0.009267698,0.05105088,-0.010279989
0.38307226,1.3599066,6.205771,0.032096606,0.06197664,0.0723439
-0.34476504,1.4748282,12.105083,0.06347763,0.067544244,0.13330825
-0.11492168,2.5091233,10.764331,0.009372418,0.042586032,0.033353243
-0.61291564,2.930503,8.42759,-0.0172264,0.0461116,-0.045553092
0.7661445,3.9264908,6.933608,-0.048747044,0.083671086,-0.18046704
-0.6512229,2.0111294,7.431602,0.001623156,0.13402383,-0.14290756
0.038307227,0.36391866,10.266336,0.043668136,0.15554374,-0.074700095
0.7278373,1.2066777,10.611102,0.001832596,0.113725655,-0.11472049
0.842759,2.6240451,8.963891,-0.044959683,0.07572984,-0.15413003
1.1492168,3.0071173,6.703765,-0.04775221,0.054314647,-0.13423327
1.5705963,1.7429788,10.113108,-0.001902409,0.053668875,-0.03783874
0.9959879,2.3175871,9.998186,0.013735741,0.042167153,0.009075712
0.6512229,1.6663644,8.772355,0.008412487,0.03248058,0.003909538
0.8810662,2.930503,7.3549876,-0.008237954,0.006649705,-0.00842994
0.038307227,4.7309427,10.534488,0.016423548,-0.006754424,0.058294
0.9576807,1.8962077,11.760319,0.0996583,0.019687314,0.19582593
1.3024458,1.7429788,11.568783,0.06981317,0.006510078,0.16828464
0.11492168,2.432509,9.80665,0.026616272,-0.012112585,0.12519246
0.38307226,3.5051112,7.1251445,0.047211155,-0.001954769,0.16172221
0.19153613,3.5434184,11.032481,0.06695083,0.003700098,0.2027898
0.842759,4.5777135,10.840945,0.07661995,0.003333579,0.22549655
-0.076614454,3.122039,8.734048,0.05071927,-0.0172264,0.19254473
1.2641385,1.2449849,7.5465236,0.04707153,-0.030229103,0.2008874
0.91937345,2.815581,9.615114,0.146852,2.62E-04,0.40048325
0.45968673,3.122039,12.564771,0.21146409,0.018867008,0.5253441
1.7238252,3.4284968,14.173674,0.1741315,-0.002251475,0.47561967
0.9576807,4.8458643,11.722012,0.040701076,-0.07019714,0.31864476
0.61291564,3.7349546,7.8146744,0.038292523,-0.045465827,0.3066369
0.6512229,3.7349546,8.848969,0.1500285,0.025481807,0.4569272
1.8004397,1.6280571,9.576807,0.23015657,0.07972664,0.55806905
1.7621324,1.9728222,10.381259,0.15587536,0.05703736,0.41448078
1.6089035,4.462792,8.580819,0.045448374,0.011379547,0.23944172
0.11492168,3.2369606,9.346964,0.040683623,0.017104227,0.22678809
-1.0726024,-0.05746084,10.189722,0.068765976,0.039252456,0.27822295
0.38307226,2.3942018,9.768343,0.077841684,0.049706977,0.28747317
0.30645782,2.6623523,9.653421,0.062029,0.050684363,0.23614305
1.2258313,2.0494366,10.113108,0.07061602,0.06855653,0.22759093
0.2681506,1.8579005,11.33894,0.045046948,0.05576327,0.18538888
0.9959879,2.4708161,9.423578,0.002234021,0.025569074,0.115872405
-0.11492168,4.232949,9.844957,-0.031241393,0.0029147,0.052621678
1.2641385,2.3558946,9.80665,-0.009424778,0.015358897,0.066706486
0.80445176,2.4708161,9.040505,0.015655603,0.020053834,0.089605205
0.49799395,1.6663644,9.5385,0.022479841,0.01691224,0.06717772
0.91937345,2.27928,9.653421,0.003124139,0.015498524,-0.012479104
0.30645782,4.3861775,9.385271,-0.051399946,9.60E-04,-0.10396926
1.340753,3.964798,9.998186,-0.11089822,-0.006370452,-0.22509511
1.0342951,2.6623523,8.695741,-0.13229595,-0.024242623,-0.24043655
1.2641385,3.6583402,11.147403,-0.08834857,-0.002426008,-0.17482963
0.9576807,2.585738,9.500193,-0.098907806,-0.011763519,-0.17617354
0.11492168,2.27928,8.542512,-0.10447541,-0.032620203,-0.20043361
-1.1875241,2.1643584,7.1251445,-0.06339036,-0.025359634,-0.12805481
-0.38307226,0.9768343,8.42759,-0.020874137,-0.012339477,-0.037227873
0.19153613,4.003105,10.91756,-0.026651178,-0.014678219,-0.043249257
0.5746084,3.083732,10.304645,-0.010035643,-0.001308997,-0.030194197
0.80445176,2.5474305,8.274361,0.008796459,0.018849555,9.77E-04
-0.22984336,1.5514427,10.994174,0.01712168,0.06747443,-0.047647487
0.2681506,2.6623523,6.895301,-0.005689773,0.078906335,-0.11698942
0.45968673,5.3438582,7.967903,-0.07012733,0.07291985,-0.23944172
0.91937345,2.96881,8.848969,-0.024207717,0.08065166,-0.13845697
0.9959879,1.283292,8.925584,0.01839577,0.08025024,-0.049323004
1.7621324,0.78529817,9.959879,0.010035643,0.061208695,-0.050684363
0.30645782,4.1180267,7.73806,-0.028221974,0.017715093,-0.08702212
-0.2681506,4.8458643,7.776367,-0.03181735,-0.004625123,-0.058346357
-0.038307227,3.0071173,6.6271505,-0.02300344,0.004468043,-0.042586032
0.30645782,0.7469909,8.619126,0.007016223,0.020751964,-0.001553343
1.4173675,1.091756,9.078813,0.015184364,0.034191,0.017278759
0.61291564,4.4244847,8.121132,0.006161012,0.027174776,0.03323107
0.19153613,1.934515,6.6271505,-0.002076942,0.022497294,0.056286868
1.0342951,2.6240451,8.580819,0.014433873,0.015463617,0.09295624
0.49799395,1.8579005,10.534488,0.022968533,0.025673794,0.11773991
-0.80445176,1.6280571,8.695741,-0.021188296,0.004468043,0.0368439
-0.2681506,2.930503,6.7803793,-0.04675737,-0.011117747,-0.023143066
-0.076614454,2.6623523,8.6574335,0.028483773,0.026616272,0.07150614
0.34476504,0.24899697,11.147403,0.00741765,0.038257618,-0.023561945
0.34476504,2.3175871,11.070788,-0.1298874,-0.010088003,-0.25986207
0.61291564,3.5434184,9.346964,-0.17175785,-0.021956243,-0.32215288
1.2258313,5.9567738,9.002198,-0.1381079,0.006283185,-0.2956064
0.6895301,2.087744,9.921572,-0.035831608,0.06553711,-0.16985545
0.6512229,0.7086837,10.342952,-0.023823744,0.07515388,-0.17434093
1.3024458,1.934515,9.615114,-0.058276545,0.02794272,-0.20820032
0.9959879,3.3518825,8.6574335,-0.0898321,-5.93E-04,-0.2335076
-0.15322891,5.305551,7.967903,-0.13585643,-0.027227135,-0.30377457
-0.4213795,1.8962077,7.0485296,-0.07543313,3.67E-04,-0.23390903
0.842759,2.0494366,9.5385,-0.07754498,0.015882496,-0.2971074
0.45968673,1.2449849,8.848969,-0.09813987,-0.010681415,-0.3367089
1.4173675,3.8881836,9.155427,-0.08801696,-0.034836773,-0.27937484
0.6895301,2.930503,8.619126,-0.0598997,-0.03164282,-0.20022418
0.49799395,3.3518825,9.193734,-0.06091199,-0.09484119,-0.11028735
1.3024458,4.1946416,12.181698,-0.07550294,-0.19446458,0.008499754
0.6512229,2.27928,8.734048,-0.028536133,-0.22519983,0.16414821
1.4939818,1.5131354,9.768343,0.08150688,-0.17023942,0.35606462
0.91937345,2.815581,10.0748005,0.1399405,-0.13631022,0.46804494
-0.22984336,3.5817258,8.695741,0.07777187,-0.13667673,0.3361853
1.1875241,4.654328,10.572795,0.00572468,-0.15255924,0.19699532
0.49799395,3.8115692,10.228029,0.012671091,-0.15435691,0.24029693
1.340753,2.777274,9.883265,0.049637165,-0.13760176,0.3297276
0.7661445,0.59376204,9.998186,0.08585274,-0.1195376,0.39929643
1.4556746,3.2369606,11.224017,0.042708207,-0.13180727,0.31939524
0.5746084,2.777274,9.193734,-0.016196655,-0.1529781,0.21895155
